INFO: Options provided by the client:
  Inherited 'common' options: --isatty=0 --terminal_columns=80
INFO: Reading rc options for 'build' from /Volumes/dx/dev/_home/MTProxy/Telegram-iOS/.bazelrc:
  Inherited 'common' options: --features=swift.index_while_building --features=swift.use_global_index_store --features=swift.use_global_module_cache --features=oso_prefix_is_pwd
INFO: Reading rc options for 'build' from /Volumes/dx/dev/_home/MTProxy/Telegram-iOS/.bazelrc:
  'build' options: --action_env=ZERO_AR_DATE=1 --apple_platform_type=ios --enable_platform_specific_config --apple_crosstool_top=@local_config_apple_cc//:toolchain --crosstool_top=@local_config_apple_cc//:toolchain --host_crosstool_top=@local_config_apple_cc//:toolchain --per_file_copt=.*.m$,@-fno-objc-msgsend-selector-stubs --per_file_copt=.*.mm$,@-fno-objc-msgsend-selector-stubs --features=debug_prefix_map_pwd_is_dot --features=swift.cacheable_swiftmodules --features=swift.debug_prefix_map --features=swift.enable_vfsoverlays --strategy=Genrule=standalone --spawn_strategy=standalone --strategy=SwiftCompile=worker --//Telegram:disableExtensions
Computing main repo mapping: 
Loading: 
Loading: 1 packages loaded
WARNING: Build option --//Telegram:disableExtensions has changed, discarding analysis cache (this can be expensive, see https://bazel.build/advanced/performance/iteration-speed).
Analyzing: target //Telegram:Telegram (1 packages loaded, 0 targets configured)
Analyzing: target //Telegram:Telegram (1 packages loaded, 0 targets configured)

Analyzing: target //Telegram:Telegram (847 packages loaded, 16153 targets configured)

INFO: Analyzed target //Telegram:Telegram (860 packages loaded, 32223 targets configured).
[1 / 1] no actions running
[875 / 5,369] Executing apple_genrule @@apple_support+//crosstool:exec_wrapped_clang.target_config [for tool]; 0s local ... (4 actions, 3 running)
INFO: From CopyPng Telegram/Lib-intermediates/CameraAutoFocusCrosshairs.png:
libpng warning: Warning: Input PNG does not have an 8 bit input depth.  Please convert your PNG to 8-bit for optimal performance on iPhone OS.
INFO: From CopyPng Telegram/Lib-intermediates/CameraAutoFocusCrosshairs@2x.png:
libpng warning: Warning: Input PNG does not have an 8 bit input depth.  Please convert your PNG to 8-bit for optimal performance on iPhone OS.
INFO: From CopyPng Telegram/Lib-intermediates/VideoRecordArrow@2x.png:
libpng warning: Warning: Input PNG does not have an 8 bit input depth.  Please convert your PNG to 8-bit for optimal performance on iPhone OS.
INFO: From CopyPng Telegram/Lib-intermediates/CameraAutoFocusCrosshairs@3x.png:
libpng warning: Warning: Input PNG does not have an 8 bit input depth.  Please convert your PNG to 8-bit for optimal performance on iPhone OS.
INFO: From CopyPng Telegram/Lib-intermediates/CameraFocusCrosshairs.png:
libpng warning: Warning: Input PNG does not have an 8 bit input depth.  Please convert your PNG to 8-bit for optimal performance on iPhone OS.
INFO: From CopyPng Telegram/Lib-intermediates/CameraFocusCrosshairs@2x.png:
libpng warning: Warning: Input PNG does not have an 8 bit input depth.  Please convert your PNG to 8-bit for optimal performance on iPhone OS.
INFO: From CopyPng Telegram/Lib-intermediates/CameraFocusCrosshairs@3x.png:
libpng warning: Warning: Input PNG does not have an 8 bit input depth.  Please convert your PNG to 8-bit for optimal performance on iPhone OS.
[1,007 / 5,606] Executing apple_genrule @@apple_support+//crosstool:exec_wrapped_clang.target_config [for tool]; 1s local ... (10 actions, 9 running)
INFO: From CopyPng Telegram/Lib-intermediates/MediaGroupAll@2x.png:
libpng warning: Warning: Input PNG does not have an 8 bit input depth.  Please convert your PNG to 8-bit for optimal performance on iPhone OS.
INFO: From CopyPng Telegram/Lib-intermediates/MediaGroupBurst@2x.png:
libpng warning: Warning: Input PNG does not have an 8 bit input depth.  Please convert your PNG to 8-bit for optimal performance on iPhone OS.
INFO: From CopyPng Telegram/Lib-intermediates/PhotoEditorCropCorners@2x.png:
libpng warning: Warning: Input PNG does not have an 8 bit input depth.  Please convert your PNG to 8-bit for optimal performance on iPhone OS.
INFO: From CopyPng Telegram/Lib-intermediates/ModernMediaEmptyAlbumIcon@2x.png:
libpng warning: Warning: Input PNG does not have an 8 bit input depth.  Please convert your PNG to 8-bit for optimal performance on iPhone OS.
INFO: From MetalCompile Telegram/cameraScreen.air:
submodules/TelegramUI/Components/CameraScreen/MetalResources/cameraScreen.metal:127:19: warning: left operand of comma operator has no effect [-Wunused-value]
    half2 inUV = (inTextureU.read(uvPosition).r, inTextureV.read(uvPosition).r);
                  ^~~~~~~~~~~~~~~~~~~~~~~~~~~~~
1 warning generated.
INFO: From MetalCompile Telegram/VoiceChatActionButtonShaders.air:
submodules/TelegramUI/Components/Calls/VoiceChatActionButton/Metal/VoiceChatActionButtonShaders.metal:10:24: warning: unused variable 'quadVertices' [-Wunused-const-variable]
constant static float2 quadVertices[6] = {
                       ^
1 warning generated.
[1,160 / 5,606] Executing apple_genrule @@apple_support+//crosstool:exec_wrapped_clang.target_config [for tool]; 2s local ... (9 actions, 8 running)
INFO: From MetalCompile Telegram/CallScreenShaders.air:
submodules/TelegramUI/Components/Calls/CallScreen/Metal/CallScreenShaders.metal:261:19: warning: left operand of comma operator has no effect [-Wunused-value]
    half2 inUV = (inTextureU.read(uvPosition).r, inTextureV.read(uvPosition).r);
                  ^~~~~~~~~~~~~~~~~~~~~~~~~~~~~
1 warning generated.
INFO: From Executing genrule //third-party/boringssl:copy_ssl_headers:
+ cp third-party/boringssl/src/include/openssl/dtls1.h bazel-out/ios_arm64-dbg-ios-arm64-min13.0-ST-57b073d392e5/bin/third-party/boringssl/ssl_headers/src/include/openssl/dtls1.h
+ cp third-party/boringssl/src/include/openssl/srtp.h bazel-out/ios_arm64-dbg-ios-arm64-min13.0-ST-57b073d392e5/bin/third-party/boringssl/ssl_headers/src/include/openssl/srtp.h
+ cp third-party/boringssl/src/include/openssl/ssl.h bazel-out/ios_arm64-dbg-ios-arm64-min13.0-ST-57b073d392e5/bin/third-party/boringssl/ssl_headers/src/include/openssl/ssl.h
+ cp third-party/boringssl/src/include/openssl/ssl3.h bazel-out/ios_arm64-dbg-ios-arm64-min13.0-ST-57b073d392e5/bin/third-party/boringssl/ssl_headers/src/include/openssl/ssl3.h
+ cp third-party/boringssl/src/include/openssl/tls1.h bazel-out/ios_arm64-dbg-ios-arm64-min13.0-ST-57b073d392e5/bin/third-party/boringssl/ssl_headers/src/include/openssl/tls1.h
INFO: From Executing genrule //third-party/webrtc:generate_field_trials_header:
+ python3 third-party/webrtc/webrtc/experiments/field_trials.py header --output bazel-out/ios_arm64-dbg-ios-arm64-min13.0-ST-57b073d392e5/bin/third-party/webrtc/field_trials_header/experiments/registered_field_trials.h
[1,237 / 5,606] Executing apple_genrule @@apple_support+//crosstool:exec_wrapped_clang.target_config [for tool]; 4s local ... (10 actions, 9 running)
INFO: From Executing genrule //Telegram:GeneratedPresentationStrings:
Generating strings into:
bazel-out/ios_arm64-dbg-ios-arm64-min13.0-ST-57b073d392e5/bin/Telegram/GeneratedPresentationStrings/PublicHeaders/PresentationStrings/PresentationStrings.h
bazel-out/ios_arm64-dbg-ios-arm64-min13.0-ST-57b073d392e5/bin/Telegram/GeneratedPresentationStrings/Sources/PresentationStrings.m
[1,254 / 5,606] Executing apple_genrule @@apple_support+//crosstool:exec_libtool.target_config [for tool]; 4s local ... (10 actions, 9 running)
[1,266 / 5,606] Executing apple_genrule @@apple_support+//crosstool:exec_libtool.target_config [for tool]; 5s local ... (9 actions running)
[1,267 / 5,606] Executing genrule //third-party/opus:opus_build; 4s local ... (9 actions, 8 running)
INFO: From Compiling third-party/ZipArchive/Sources/SSZipArchive.m:
third-party/ZipArchive/Sources/SSZipArchive.m:360:18: warning: variable 'isDirectory' set but not used [-Wunused-but-set-variable]
  360 |             BOOL isDirectory = NO;
      |                  ^
third-party/ZipArchive/Sources/SSZipArchive.m:309:14: warning: variable 'unzippingError' set but not used [-Wunused-but-set-variable]
  309 |     NSError *unzippingError;
      |              ^
third-party/ZipArchive/Sources/SSZipArchive.m:457:18: warning: unused variable 'fileIsSymbolicLink' [-Wunused-variable]
  457 |             BOOL fileIsSymbolicLink = _fileIsSymbolicLink(&fileInfo);
      |                  ^~~~~~~~~~~~~~~~~~
third-party/ZipArchive/Sources/SSZipArchive.m:472:18: warning: variable 'isDirectory' set but not used [-Wunused-but-set-variable]
  472 |             BOOL isDirectory = NO;
      |                  ^
third-party/ZipArchive/Sources/SSZipArchive.m:492:22: warning: unused variable 'err' [-Wunused-variable]
  492 |             NSError *err = nil;
      |                      ^~~
third-party/ZipArchive/Sources/SSZipArchive.m:493:27: warning: unused variable 'directoryAttr' [-Wunused-variable]
  493 |             NSDictionary *directoryAttr;
      |                           ^~~~~~~~~~~~~
third-party/ZipArchive/Sources/SSZipArchive.m:413:10: warning: unused variable 'canceled' [-Wunused-variable]
  413 |     BOOL canceled = NO;
      |          ^~~~~~~~
third-party/ZipArchive/Sources/SSZipArchive.m:417:37: warning: unused variable 'directoriesModificationDates' [-Wunused-variable]
  417 |     NSMutableArray<NSDictionary *> *directoriesModificationDates = [[NSMutableArray alloc] init];
      |                                     ^~~~~~~~~~~~~~~~~~~~~~~~~~~~
third-party/ZipArchive/Sources/SSZipArchive.m:597:14: warning: variable 'retErr' set but not used [-Wunused-but-set-variable]
  597 |     NSError *retErr = nil;
      |              ^
9 warnings generated.
[1,272 / 5,606] Executing genrule //third-party/opus:opus_build; 5s local ... (10 actions, 9 running)
INFO: From Compiling third-party/ZipArchive/Sources/minizip/mz_strm_zlib.c:
third-party/ZipArchive/Sources/minizip/mz_strm_zlib.c:145:14: warning: variable 'total_in' set but not used [-Wunused-but-set-variable]
  145 |     uint32_t total_in = 0;
      |              ^
1 warning generated.
[1,286 / 5,606] Executing genrule //third-party/opus:opus_build; 6s local ... (10 actions, 9 running)
INFO: From Compiling submodules/Utils/LokiRng/Sources/LokiRng.mm:
submodules/Utils/LokiRng/Sources/LokiRng.mm:51:36: warning: implicit conversion from 'unsigned int' to 'float' changes value from 1099087573 to 1099087616 [-Wimplicit-const-int-float-conversion]
   51 |     uint32_t hashed_seed = _seed * 1099087573U;
      |                                  ~ ^~~~~~~~~~~
1 warning generated.
[1,290 / 5,606] Executing genrule //third-party/opus:opus_build; 8s local ... (10 actions running)
[1,291 / 5,606] Executing genrule //third-party/opus:opus_build; 11s local ... (10 actions, 9 running)
[1,302 / 5,606] Executing genrule //third-party/opus:opus_build; 12s local ... (10 actions, 9 running)
[1,308 / 5,606] Executing genrule //third-party/opus:opus_build; 13s local ... (10 actions running)
[1,319 / 5,606] Executing genrule //third-party/opus:opus_build; 14s local ... (10 actions running)
[1,325 / 5,606] Executing genrule //third-party/opus:opus_build; 15s local ... (10 actions running)
[1,328 / 5,606] Executing genrule //third-party/opus:opus_build; 16s local ... (10 actions running)
[1,329 / 5,606] Executing genrule //third-party/opus:opus_build; 17s local ... (10 actions running)
[1,330 / 5,606] Executing genrule //third-party/opus:opus_build; 18s local ... (10 actions running)
[1,331 / 5,606] Executing genrule //third-party/opus:opus_build; 19s local ... (10 actions running)
[1,333 / 5,606] Executing genrule //third-party/opus:opus_build; 20s local ... (10 actions running)
INFO: From Executing genrule //third-party/dav1d:dav1d_build:
+ '[' ios_arm64 == ios_arm64 ']'
+ BUILD_ARCH=arm64
+ BUILD_DIR=bazel-out/ios_arm64-dbg-ios-arm64-min13.0-ST-57b073d392e5/bin/third-party/dav1d/build_arm64
+ rm -rf bazel-out/ios_arm64-dbg-ios-arm64-min13.0-ST-57b073d392e5/bin/third-party/dav1d/build_arm64
+ mkdir -p bazel-out/ios_arm64-dbg-ios-arm64-min13.0-ST-57b073d392e5/bin/third-party/dav1d/build_arm64
++ pwd
+ MESON_DIR=/private/var/tmp/_bazel_afanasyev/9a39311ceb7a61706aa1e4e247e12702/execroot/_main/bazel-out/ios_arm64-dbg-ios-arm64-min13.0-ST-57b073d392e5/bin/third-party/dav1d/build_arm64/meson
+ rm -rf /private/var/tmp/_bazel_afanasyev/9a39311ceb7a61706aa1e4e247e12702/execroot/_main/bazel-out/ios_arm64-dbg-ios-arm64-min13.0-ST-57b073d392e5/bin/third-party/dav1d/build_arm64/meson
+ mkdir -p /private/var/tmp/_bazel_afanasyev/9a39311ceb7a61706aa1e4e247e12702/execroot/_main/bazel-out/ios_arm64-dbg-ios-arm64-min13.0-ST-57b073d392e5/bin/third-party/dav1d/build_arm64/meson
+ tar -xzf external/+_repo_rules+meson_tar_gz/file/downloaded -C /private/var/tmp/_bazel_afanasyev/9a39311ceb7a61706aa1e4e247e12702/execroot/_main/bazel-out/ios_arm64-dbg-ios-arm64-min13.0-ST-57b073d392e5/bin/third-party/dav1d/build_arm64/meson
++ pwd
+ NINJA_DIR=/private/var/tmp/_bazel_afanasyev/9a39311ceb7a61706aa1e4e247e12702/execroot/_main/bazel-out/ios_arm64-dbg-ios-arm64-min13.0-ST-57b073d392e5/bin/third-party/dav1d/build_arm64/ninja
+ rm -rf /private/var/tmp/_bazel_afanasyev/9a39311ceb7a61706aa1e4e247e12702/execroot/_main/bazel-out/ios_arm64-dbg-ios-arm64-min13.0-ST-57b073d392e5/bin/third-party/dav1d/build_arm64/ninja
+ mkdir -p /private/var/tmp/_bazel_afanasyev/9a39311ceb7a61706aa1e4e247e12702/execroot/_main/bazel-out/ios_arm64-dbg-ios-arm64-min13.0-ST-57b073d392e5/bin/third-party/dav1d/build_arm64/ninja
+ unzip external/+_repo_rules+ninja-mac_zip/file/downloaded -d /private/var/tmp/_bazel_afanasyev/9a39311ceb7a61706aa1e4e247e12702/execroot/_main/bazel-out/ios_arm64-dbg-ios-arm64-min13.0-ST-57b073d392e5/bin/third-party/dav1d/build_arm64/ninja
+ cp third-party/dav1d/build-dav1d-bazel.sh bazel-out/ios_arm64-dbg-ios-arm64-min13.0-ST-57b073d392e5/bin/third-party/dav1d/build_arm64/
+ cp third-party/dav1d/arm64-iPhoneSimulator.meson bazel-out/ios_arm64-dbg-ios-arm64-min13.0-ST-57b073d392e5/bin/third-party/dav1d/build_arm64/
+ SOURCE_PATH=third-party/dav1d/dav1d
+ cp -R third-party/dav1d/dav1d bazel-out/ios_arm64-dbg-ios-arm64-min13.0-ST-57b073d392e5/bin/third-party/dav1d/build_arm64/
+ mkdir -p bazel-out/ios_arm64-dbg-ios-arm64-min13.0-ST-57b073d392e5/bin/third-party/dav1d/build_arm64/Public/dav1d
+ mkdir -p bazel-out/ios_arm64-dbg-ios-arm64-min13.0-ST-57b073d392e5/bin/third-party/dav1d/build_arm64/Public/compat
+ mkdir -p bazel-out/ios_arm64-dbg-ios-arm64-min13.0-ST-57b073d392e5/bin/third-party/dav1d/build_arm64/Public/common
+ PATH=/usr/bin:/bin:/usr/sbin:/sbin:/private/var/tmp/_bazel_afanasyev/9a39311ceb7a61706aa1e4e247e12702/execroot/_main/bazel-out/ios_arm64-dbg-ios-arm64-min13.0-ST-57b073d392e5/bin/third-party/dav1d/build_arm64/meson/meson-1.6.0:/private/var/tmp/_bazel_afanasyev/9a39311ceb7a61706aa1e4e247e12702/execroot/_main/bazel-out/ios_arm64-dbg-ios-arm64-min13.0-ST-57b073d392e5/bin/third-party/dav1d/build_arm64/ninja
+ sh bazel-out/ios_arm64-dbg-ios-arm64-min13.0-ST-57b073d392e5/bin/third-party/dav1d/build_arm64/build-dav1d-bazel.sh arm64 bazel-out/ios_arm64-dbg-ios-arm64-min13.0-ST-57b073d392e5/bin/third-party/dav1d/build_arm64
+ cp -f bazel-out/ios_arm64-dbg-ios-arm64-min13.0-ST-57b073d392e5/bin/third-party/dav1d/build_arm64/dav1d/build/include/vcs_version.h bazel-out/ios_arm64-dbg-ios-arm64-min13.0-ST-57b073d392e5/bin/third-party/dav1d/Public/vcs_version.h
+ cp -f bazel-out/ios_arm64-dbg-ios-arm64-min13.0-ST-57b073d392e5/bin/third-party/dav1d/build_arm64/dav1d/include/compat/msvc/stdatomic.h bazel-out/ios_arm64-dbg-ios-arm64-min13.0-ST-57b073d392e5/bin/third-party/dav1d/Public/compat/msvc/stdatomic.h
+ cp -f bazel-out/ios_arm64-dbg-ios-arm64-min13.0-ST-57b073d392e5/bin/third-party/dav1d/build_arm64/dav1d/include/compat/gcc/stdatomic.h bazel-out/ios_arm64-dbg-ios-arm64-min13.0-ST-57b073d392e5/bin/third-party/dav1d/Public/compat/gcc/stdatomic.h
+ cp -f bazel-out/ios_arm64-dbg-ios-arm64-min13.0-ST-57b073d392e5/bin/third-party/dav1d/build_arm64/dav1d/include/compat/getopt.h bazel-out/ios_arm64-dbg-ios-arm64-min13.0-ST-57b073d392e5/bin/third-party/dav1d/Public/compat/getopt.h
+ cp -f bazel-out/ios_arm64-dbg-ios-arm64-min13.0-ST-57b073d392e5/bin/third-party/dav1d/build_arm64/dav1d/include/common/dump.h bazel-out/ios_arm64-dbg-ios-arm64-min13.0-ST-57b073d392e5/bin/third-party/dav1d/Public/common/dump.h
+ cp -f bazel-out/ios_arm64-dbg-ios-arm64-min13.0-ST-57b073d392e5/bin/third-party/dav1d/build_arm64/dav1d/include/common/frame.h bazel-out/ios_arm64-dbg-ios-arm64-min13.0-ST-57b073d392e5/bin/third-party/dav1d/Public/common/frame.h
+ cp -f bazel-out/ios_arm64-dbg-ios-arm64-min13.0-ST-57b073d392e5/bin/third-party/dav1d/build_arm64/dav1d/include/common/bitdepth.h bazel-out/ios_arm64-dbg-ios-arm64-min13.0-ST-57b073d392e5/bin/third-party/dav1d/Public/common/bitdepth.h
+ cp -f bazel-out/ios_arm64-dbg-ios-arm64-min13.0-ST-57b073d392e5/bin/third-party/dav1d/build_arm64/dav1d/include/common/attributes.h bazel-out/ios_arm64-dbg-ios-arm64-min13.0-ST-57b073d392e5/bin/third-party/dav1d/Public/common/attributes.h
+ cp -f bazel-out/ios_arm64-dbg-ios-arm64-min13.0-ST-57b073d392e5/bin/third-party/dav1d/build_arm64/dav1d/include/common/validate.h bazel-out/ios_arm64-dbg-ios-arm64-min13.0-ST-57b073d392e5/bin/third-party/dav1d/Public/common/validate.h
+ cp -f bazel-out/ios_arm64-dbg-ios-arm64-min13.0-ST-57b073d392e5/bin/third-party/dav1d/build_arm64/dav1d/include/common/intops.h bazel-out/ios_arm64-dbg-ios-arm64-min13.0-ST-57b073d392e5/bin/third-party/dav1d/Public/common/intops.h
+ cp -f bazel-out/ios_arm64-dbg-ios-arm64-min13.0-ST-57b073d392e5/bin/third-party/dav1d/build_arm64/dav1d/include/dav1d/picture.h bazel-out/ios_arm64-dbg-ios-arm64-min13.0-ST-57b073d392e5/bin/third-party/dav1d/Public/dav1d/picture.h
+ cp -f bazel-out/ios_arm64-dbg-ios-arm64-min13.0-ST-57b073d392e5/bin/third-party/dav1d/build_arm64/dav1d/include/dav1d/version.h bazel-out/ios_arm64-dbg-ios-arm64-min13.0-ST-57b073d392e5/bin/third-party/dav1d/Public/dav1d/version.h
+ cp -f bazel-out/ios_arm64-dbg-ios-arm64-min13.0-ST-57b073d392e5/bin/third-party/dav1d/build_arm64/dav1d/include/dav1d/data.h bazel-out/ios_arm64-dbg-ios-arm64-min13.0-ST-57b073d392e5/bin/third-party/dav1d/Public/dav1d/data.h
+ cp -f bazel-out/ios_arm64-dbg-ios-arm64-min13.0-ST-57b073d392e5/bin/third-party/dav1d/build_arm64/dav1d/include/dav1d/headers.h bazel-out/ios_arm64-dbg-ios-arm64-min13.0-ST-57b073d392e5/bin/third-party/dav1d/Public/dav1d/headers.h
+ cp -f bazel-out/ios_arm64-dbg-ios-arm64-min13.0-ST-57b073d392e5/bin/third-party/dav1d/build_arm64/dav1d/include/dav1d/common.h bazel-out/ios_arm64-dbg-ios-arm64-min13.0-ST-57b073d392e5/bin/third-party/dav1d/Public/dav1d/common.h
+ cp -f bazel-out/ios_arm64-dbg-ios-arm64-min13.0-ST-57b073d392e5/bin/third-party/dav1d/build_arm64/dav1d/include/dav1d/dav1d.h bazel-out/ios_arm64-dbg-ios-arm64-min13.0-ST-57b073d392e5/bin/third-party/dav1d/Public/dav1d/dav1d.h
+ cp -f bazel-out/ios_arm64-dbg-ios-arm64-min13.0-ST-57b073d392e5/bin/third-party/dav1d/build_arm64/dav1d/build/src/libdav1d.a bazel-out/ios_arm64-dbg-ios-arm64-min13.0-ST-57b073d392e5/bin/third-party/dav1d/Public/dav1d/lib/libdav1d.a
Archive:  external/+_repo_rules+ninja-mac_zip/file/downloaded
  inflating: /private/var/tmp/_bazel_afanasyev/9a39311ceb7a61706aa1e4e247e12702/execroot/_main/bazel-out/ios_arm64-dbg-ios-arm64-min13.0-ST-57b073d392e5/bin/third-party/dav1d/build_arm64/ninja/ninja  
/private/var/tmp/_bazel_afanasyev/9a39311ceb7a61706aa1e4e247e12702/execroot/_main/bazel-out/ios_arm64-dbg-ios-arm64-min13.0-ST-57b073d392e5/bin/third-party/dav1d/build_arm64/dav1d /private/var/tmp/_bazel_afanasyev/9a39311ceb7a61706aa1e4e247e12702/execroot/_main
/private/var/tmp/_bazel_afanasyev/9a39311ceb7a61706aa1e4e247e12702/execroot/_main/bazel-out/ios_arm64-dbg-ios-arm64-min13.0-ST-57b073d392e5/bin/third-party/dav1d/build_arm64/dav1d/build /private/var/tmp/_bazel_afanasyev/9a39311ceb7a61706aa1e4e247e12702/execroot/_main/bazel-out/ios_arm64-dbg-ios-arm64-min13.0-ST-57b073d392e5/bin/third-party/dav1d/build_arm64/dav1d /private/var/tmp/_bazel_afanasyev/9a39311ceb7a61706aa1e4e247e12702/execroot/_main
The Meson build system
Version: 1.6.0
Source dir: /private/var/tmp/_bazel_afanasyev/9a39311ceb7a61706aa1e4e247e12702/execroot/_main/bazel-out/ios_arm64-dbg-ios-arm64-min13.0-ST-57b073d392e5/bin/third-party/dav1d/build_arm64/dav1d
Build dir: /private/var/tmp/_bazel_afanasyev/9a39311ceb7a61706aa1e4e247e12702/execroot/_main/bazel-out/ios_arm64-dbg-ios-arm64-min13.0-ST-57b073d392e5/bin/third-party/dav1d/build_arm64/dav1d/build
Build type: cross build
Project name: dav1d
Project version: 1.5.0
C compiler for the host machine: clang -arch arm64 -isysroot /Applications/Xcode.app/Contents/Developer/Platforms/iPhoneOS.platform/Developer/SDKs/iPhoneOS.sdk (clang 21.0.0 "Apple clang version 21.0.0 (clang-2100.0.123.102)")
C linker for the host machine: clang -arch arm64 -isysroot /Applications/Xcode.app/Contents/Developer/Platforms/iPhoneOS.platform/Developer/SDKs/iPhoneOS.sdk ld64 1266.8
C compiler for the build machine: cc (clang 21.0.0 "Apple clang version 21.0.0 (clang-2100.0.123.102)")
C linker for the build machine: cc ld64 1266.8
Build machine cpu family: aarch64
Build machine cpu: aarch64
Host machine cpu family: aarch64
Host machine cpu: aarch64
Target machine cpu family: aarch64
Target machine cpu: aarch64
Fetching value of define "DAV1D_API_VERSION_MAJOR" : 7 
Fetching value of define "DAV1D_API_VERSION_MINOR" : 0 
Fetching value of define "DAV1D_API_VERSION_PATCH" : 0 
Run-time dependency threads found: YES
Checking for function "clock_gettime" : YES 
Checking for function "posix_memalign" : YES 
Checking for function "memalign" : NO 
Checking for function "aligned_alloc" : NO 
Library m found: YES
Check usable header "stdatomic.h" : YES 
Check usable header "sys/types.h" : YES 
Check usable header "unistd.h" : YES 
Check usable header "io.h" : NO 
Check usable header "pthread_np.h" : NO 
Checking for function "getopt_long" : YES 
Checking for function "getauxval" : NO 
Checking for function "elf_aux_info" : NO 
Checking for function "pthread_getaffinity_np" with dependency threads: NO 
Checking for function "pthread_setaffinity_np" with dependency threads: NO 
Checking for function "pthread_setname_np" with dependency threads: YES 
Checking for function "pthread_set_name_np" with dependency threads: NO 
Checking if "_Generic" compiles: YES 
Compiler for C supports arguments -fvisibility=hidden: YES 
Compiler for C supports arguments -Wundef: YES 
Compiler for C supports arguments -Werror=vla: YES 
Compiler for C supports arguments -Wno-maybe-uninitialized: NO 
Compiler for C supports arguments -Wno-missing-field-initializers: YES 
Compiler for C supports arguments -Wno-unused-parameter: YES 
Compiler for C supports arguments -Wstrict-prototypes: YES 
Compiler for C supports arguments -Werror=missing-prototypes: YES 
Compiler for C supports arguments -Wshorten-64-to-32: YES 
Compiler for C supports arguments -fomit-frame-pointer: YES 
Compiler for C supports arguments -ffast-math: YES 
Compiler for C supports arguments -fno-align-functions: YES 
Checking if "DOTPROD" compiles: YES 
Checking if "I8MM" compiles: YES 
Checking if "SVE" compiles: YES 
Checking if "SVE2" compiles: YES 
Configuring config.h using configuration
Found pkg-config: NO
Header "xxhash.h" has symbol "XXH3_createState" : NO 
Build targets in project: 6

dav1d 1.5.0

  User defined options
    Cross files    : ../package/crossfiles/arm64-iPhoneOS.meson
    buildtype      : release
    default_library: static
    enable_tests   : false
    enable_tools   : false

Found ninja-1.12.1 at /private/var/tmp/_bazel_afanasyev/9a39311ceb7a61706aa1e4e247e12702/execroot/_main/bazel-out/ios_arm64-dbg-ios-arm64-min13.0-ST-57b073d392e5/bin/third-party/dav1d/build_arm64/ninja/ninja
[1/73] Compiling C object src/libdav1d_bitdepth_8.a.p/loopfilter_tmpl.c.o
[2/73] Compiling C object src/libdav1d_bitdepth_8.a.p/cdef_tmpl.c.o
[3/73] Compiling C object src/libdav1d_bitdepth_8.a.p/ipred_prepare_tmpl.c.o
[4/73] Compiling C object src/libdav1d_bitdepth_8.a.p/lr_apply_tmpl.c.o
[5/73] Compiling C object src/libdav1d_bitdepth_8.a.p/fg_apply_tmpl.c.o
[6/73] Compiling C object src/libdav1d_bitdepth_8.a.p/cdef_apply_tmpl.c.o
[7/73] Compiling C object src/libdav1d_bitdepth_16.a.p/fg_apply_tmpl.c.o
[8/73] Compiling C object src/libdav1d_bitdepth_16.a.p/cdef_tmpl.c.o
[9/73] Compiling C object src/libdav1d_bitdepth_8.a.p/filmgrain_tmpl.c.o
[10/73] Compiling C object src/libdav1d_bitdepth_8.a.p/ipred_tmpl.c.o
[11/73] Compiling C object src/libdav1d_bitdepth_16.a.p/ipred_prepare_tmpl.c.o
[12/73] Compiling C object src/libdav1d_bitdepth_16.a.p/cdef_apply_tmpl.c.o
[13/73] Compiling C object src/libdav1d_bitdepth_8.a.p/looprestoration_tmpl.c.o
[14/73] Compiling C object src/libdav1d_bitdepth_8.a.p/lf_apply_tmpl.c.o
[15/73] Compiling C object src/libdav1d_bitdepth_16.a.p/loopfilter_tmpl.c.o
[16/73] Compiling C object src/libdav1d_bitdepth_16.a.p/filmgrain_tmpl.c.o
[17/73] Compiling C object src/libdav1d_bitdepth_8.a.p/itx_tmpl.c.o
[18/73] Compiling C object src/libdav1d_bitdepth_16.a.p/lr_apply_tmpl.c.o
[19/73] Compiling C object src/libdav1d_bitdepth_16.a.p/ipred_tmpl.c.o
[20/73] Generating include/vcs_version.h with a custom command
fatal: not a git repository: /private/var/tmp/_bazel_afanasyev/9a39311ceb7a61706aa1e4e247e12702/execroot/_main/bazel-out/ios_arm64-dbg-ios-arm64-min13.0-ST-57b073d392e5/bin/third-party/dav1d/build_arm64/dav1d/../../../.git/modules/third-party/dav1d/dav1d
[21/73] Compiling C object src/libdav1d_bitdepth_8.a.p/mc_tmpl.c.o
[22/73] Compiling C object src/libdav1d.a.p/cpu.c.o
[23/73] Compiling C object src/libdav1d.a.p/ctx.c.o
[24/73] Compiling C object src/libdav1d.a.p/data.c.o
[25/73] Compiling C object src/libdav1d.a.p/dequant_tables.c.o
[26/73] Compiling C object src/libdav1d_bitdepth_16.a.p/lf_apply_tmpl.c.o
[27/73] Compiling C object src/libdav1d.a.p/intra_edge.c.o
[28/73] Compiling C object src/libdav1d.a.p/getbits.c.o
[29/73] Compiling C object src/libdav1d.a.p/log.c.o
[30/73] Compiling C object src/libdav1d.a.p/mem.c.o
[31/73] Compiling C object src/libdav1d.a.p/msac.c.o
[32/73] Compiling C object src/libdav1d_bitdepth_16.a.p/itx_tmpl.c.o
[33/73] Compiling C object src/libdav1d.a.p/pal.c.o
[34/73] Compiling C object src/libdav1d.a.p/picture.c.o
[35/73] Compiling C object src/libdav1d.a.p/lf_mask.c.o
[36/73] Compiling C object src/libdav1d.a.p/lib.c.o
[37/73] Compiling C object src/libdav1d.a.p/ref.c.o
[38/73] Compiling C object src/libdav1d.a.p/tables.c.o
[39/73] Compiling C object src/libdav1d.a.p/scan.c.o
[40/73] Compiling C object src/libdav1d.a.p/warpmv.c.o
[41/73] Compiling C object src/libdav1d.a.p/qm.c.o
[42/73] Compiling C object src/libdav1d_bitdepth_16.a.p/looprestoration_tmpl.c.o
[43/73] Compiling C object src/libdav1d.a.p/arm_cpu.c.o
[44/73] Compiling C object src/libdav1d.a.p/wedge.c.o
[45/73] Compiling C object src/libdav1d.a.p/arm_64_looprestoration_common.S.o
[46/73] Compiling C object src/libdav1d_bitdepth_16.a.p/mc_tmpl.c.o
[47/73] Compiling C object src/libdav1d.a.p/arm_64_msac.S.o
[48/73] Compiling C object src/libdav1d.a.p/arm_64_itx.S.o
[49/73] Compiling C object src/libdav1d.a.p/arm_64_refmvs.S.o
[50/73] Compiling C object src/libdav1d.a.p/arm_64_cdef.S.o
[51/73] Compiling C object src/libdav1d.a.p/arm_64_loopfilter.S.o
[52/73] Compiling C object src/libdav1d.a.p/arm_64_filmgrain.S.o
[53/73] Compiling C object src/libdav1d.a.p/arm_64_ipred.S.o
[54/73] Compiling C object src/libdav1d.a.p/arm_64_looprestoration.S.o
[55/73] Compiling C object src/libdav1d.a.p/arm_64_cdef16.S.o
[56/73] Compiling C object src/libdav1d.a.p/arm_64_filmgrain16.S.o
[57/73] Compiling C object src/libdav1d.a.p/arm_64_mc_dotprod.S.o
[58/73] Compiling C object src/libdav1d.a.p/arm_64_ipred16.S.o
[59/73] Compiling C object src/libdav1d.a.p/arm_64_loopfilter16.S.o
[60/73] Compiling C object src/libdav1d.a.p/arm_64_looprestoration16.S.o
[61/73] Compiling C object src/libdav1d.a.p/arm_64_mc.S.o
[62/73] Compiling C object src/libdav1d.a.p/arm_64_mc16_sve.S.o
[63/73] Compiling C object src/libdav1d.a.p/arm_64_mc16.S.o
[64/73] Compiling C object src/libdav1d.a.p/arm_64_itx16.S.o
[65/73] Compiling C object src/libdav1d_bitdepth_8.a.p/recon_tmpl.c.o
[66/73] Compiling C object src/libdav1d.a.p/refmvs.c.o
[67/73] Compiling C object src/libdav1d.a.p/thread_task.c.o
[68/73] Compiling C object src/libdav1d.a.p/obu.c.o
[69/73] Compiling C object src/libdav1d.a.p/itx_1d.c.o
[70/73] Compiling C object src/libdav1d_bitdepth_16.a.p/recon_tmpl.c.o
[71/73] Compiling C object src/libdav1d.a.p/cdf.c.o
[72/73] Compiling C object src/libdav1d.a.p/decode.c.o
[73/73] Linking static target src/libdav1d.a
/private/var/tmp/_bazel_afanasyev/9a39311ceb7a61706aa1e4e247e12702/execroot/_main/bazel-out/ios_arm64-dbg-ios-arm64-min13.0-ST-57b073d392e5/bin/third-party/dav1d/build_arm64/dav1d /private/var/tmp/_bazel_afanasyev/9a39311ceb7a61706aa1e4e247e12702/execroot/_main
/private/var/tmp/_bazel_afanasyev/9a39311ceb7a61706aa1e4e247e12702/execroot/_main
[1,342 / 5,606] Executing genrule //third-party/opus:opus_build; 21s local ... (10 actions running)
INFO: From Executing genrule //third-party/yasm:yasm [for tool]:
++ PATH=/usr/bin:/bin:/usr/sbin:/sbin:/usr/sbin
++ sysctl -n hw.logicalcpu
+ core_count=10
+ BUILD_DIR=bazel-out/darwin_arm64-opt-exec-ST-d57f47055a04/bin/third-party/yasm/build
+ rm -rf bazel-out/darwin_arm64-opt-exec-ST-d57f47055a04/bin/third-party/yasm/build
+ mkdir -p bazel-out/darwin_arm64-opt-exec-ST-d57f47055a04/bin/third-party/yasm/build
++ pwd
+ CMAKE_DIR=/private/var/tmp/_bazel_afanasyev/9a39311ceb7a61706aa1e4e247e12702/execroot/_main/bazel-out/darwin_arm64-opt-exec-ST-d57f47055a04/bin/third-party/yasm/build/cmake
+ rm -rf /private/var/tmp/_bazel_afanasyev/9a39311ceb7a61706aa1e4e247e12702/execroot/_main/bazel-out/darwin_arm64-opt-exec-ST-d57f47055a04/bin/third-party/yasm/build/cmake
+ mkdir -p /private/var/tmp/_bazel_afanasyev/9a39311ceb7a61706aa1e4e247e12702/execroot/_main/bazel-out/darwin_arm64-opt-exec-ST-d57f47055a04/bin/third-party/yasm/build/cmake
+ tar -xf external/+_repo_rules+cmake_tar_gz/file/downloaded -C /private/var/tmp/_bazel_afanasyev/9a39311ceb7a61706aa1e4e247e12702/execroot/_main/bazel-out/darwin_arm64-opt-exec-ST-d57f47055a04/bin/third-party/yasm/build/cmake
+ SOURCE_PATH=third-party/yasm/yasm-1.3.0
+ cp -R third-party/yasm/yasm-1.3.0 bazel-out/darwin_arm64-opt-exec-ST-d57f47055a04/bin/third-party/yasm/build/
+ pushd bazel-out/darwin_arm64-opt-exec-ST-d57f47055a04/bin/third-party/yasm/build/yasm-1.3.0
+ mkdir build
+ cd build
++ which python3
+ PATH=/private/var/tmp/_bazel_afanasyev/9a39311ceb7a61706aa1e4e247e12702/execroot/_main/bazel-out/darwin_arm64-opt-exec-ST-d57f47055a04/bin/third-party/yasm/build/cmake/cmake-4.1.2-macos-universal/CMake.app/Contents/bin:/usr/bin:/bin:/usr/sbin:/sbin
+ cmake .. -DYASM_BUILD_TESTS=OFF -DCMAKE_BUILD_TYPE=Release -DBUILD_SHARED_LIBS=OFF -DPYTHON_EXECUTABLE=/usr/bin/python3
CMake Warning (dev) at CMakeLists.txt:1 (PROJECT):
  cmake_minimum_required() should be called prior to this top-level project()
  call.  Please see the cmake-commands(7) manual for usage documentation of
  both commands.
This warning is for project developers.  Use -Wno-dev to suppress it.

CMake Deprecation Warning at CMakeLists.txt:2 (CMAKE_MINIMUM_REQUIRED):
  Compatibility with CMake < 3.10 will be removed from a future version of
  CMake.

  Update the VERSION argument <min> value.  Or, use the <min>...<max> syntax
  to tell CMake that the project requires at least <min> but has been updated
  to work with policies introduced by <max> or earlier.


CMake Warning (dev) at ConfigureChecks.cmake:37 (INCLUDE):
  Policy CMP0148 is not set: The FindPythonInterp and FindPythonLibs modules
  are removed.  Run "cmake --help-policy CMP0148" for policy details.  Use
  the cmake_policy command to set the policy and suppress this warning.

Call Stack (most recent call first):
  CMakeLists.txt:36 (INCLUDE)
This warning is for project developers.  Use -Wno-dev to suppress it.

+ make -j 10
/private/var/tmp/_bazel_afanasyev/9a39311ceb7a61706aa1e4e247e12702/execroot/_main/bazel-out/darwin_arm64-opt-exec-ST-d57f47055a04/bin/third-party/yasm/build/yasm-1.3.0/tools/genperf/perfect.c:65:6: warning: a function definition without a prototype is deprecated in all versions of C and is not supported in C23 [-Wdeprecated-non-prototype]
   65 | ub4  phash_log2(val)
      |      ^
/private/var/tmp/_bazel_afanasyev/9a39311ceb7a61706aa1e4e247e12702/execroot/_main/bazel-out/darwin_arm64-opt-exec-ST-d57f47055a04/bin/third-party/yasm/build/yasm-1.3.0/tools/re2c/actions.c:303:13: warning: enumeration value 'CLOSEVOP' not handled in switch [-Wswitch]
  303 |     switch (re->type) {
      |             ^~~~~~~~
/private/var/tmp/_bazel_afanasyev/9a39311ceb7a61706aa1e4e247e12702/execroot/_main/bazel-out/darwin_arm64-opt-exec-ST-d57f47055a04/bin/third-party/yasm/build/yasm-1.3.0/tools/re2c/actions.c:303:13: note: add missing switch cases
  303 |     switch (re->type) {
      |             ^
1 warning generated.
1 warning generated.
fail to map group of size 2 for tab size 512
+ popd
+ tar -cf bazel-out/darwin_arm64-opt-exec-ST-d57f47055a04/bin/third-party/yasm/yasm.tar -C bazel-out/darwin_arm64-opt-exec-ST-d57f47055a04/bin/third-party/yasm/build/yasm-1.3.0/build .
/private/var/tmp/_bazel_afanasyev/9a39311ceb7a61706aa1e4e247e12702/execroot/_main/bazel-out/darwin_arm64-opt-exec-ST-d57f47055a04/bin/third-party/yasm/build/yasm-1.3.0 /private/var/tmp/_bazel_afanasyev/9a39311ceb7a61706aa1e4e247e12702/execroot/_main
-- The C compiler identification is AppleClang 21.0.0.21000099
-- The CXX compiler identification is AppleClang 21.0.0.21000099
-- Detecting C compiler ABI info
-- Detecting C compiler ABI info - done
-- Check for working C compiler: /usr/bin/cc - skipped
-- Detecting C compile features
-- Detecting C compile features - done
-- Detecting CXX compiler ABI info
-- Detecting CXX compiler ABI info - done
-- Check for working CXX compiler: /usr/bin/c++ - skipped
-- Detecting CXX compile features
-- Detecting CXX compile features - done
-- Looking for locale.h
-- Looking for locale.h - found
-- Looking for libgen.h
-- Looking for libgen.h - found
-- Looking for unistd.h
-- Looking for unistd.h - found
-- Looking for direct.h
-- Looking for direct.h - not found
-- Looking for stdint.h
-- Looking for stdint.h - found
-- Looking for abort
-- Looking for abort - found
-- Looking for getcwd
-- Looking for getcwd - found
-- Looking for toascii
-- Looking for toascii - found
-- Looking for dlopen in dl
-- Looking for dlopen in dl - found
-- Found PythonInterp: /usr/bin/python3 (found version "3.9.6")
-- Standard modules: arch_lc3b;arch_x86;listfmt_nasm;parser_gas;parser_nasm;preproc_nasm;preproc_raw;preproc_cpp;preproc_gas;dbgfmt_cv8;dbgfmt_dwarf2;dbgfmt_null;dbgfmt_stabs;objfmt_dbg;objfmt_bin;objfmt_elf;objfmt_elf32;objfmt_elf64;objfmt_elfx32;objfmt_coff;objfmt_win32;objfmt_win64;objfmt_macho;objfmt_macho32;objfmt_macho64;objfmt_rdf;objfmt_xdf
-- Generating standard plugin initialization file
-- Configuring done (2.7s)
-- Generating done (0.1s)
-- Build files have been written to: /private/var/tmp/_bazel_afanasyev/9a39311ceb7a61706aa1e4e247e12702/execroot/_main/bazel-out/darwin_arm64-opt-exec-ST-d57f47055a04/bin/third-party/yasm/build/yasm-1.3.0/build
[  1%] Building C object tools/genperf/CMakeFiles/genperf.dir/genperf.c.o
[  3%] Building C object tools/re2c/CMakeFiles/re2c.dir/code.c.o
[  3%] Building C object tools/re2c/CMakeFiles/re2c.dir/main.c.o
[  3%] Building C object tools/re2c/CMakeFiles/re2c.dir/dfa.c.o
[  4%] Building C object tools/genmacro/CMakeFiles/genmacro.dir/genmacro.c.o
[  5%] Building C object modules/CMakeFiles/genversion.dir/preprocs/nasm/genversion.c.o
[  4%] Building C object tools/re2c/CMakeFiles/re2c.dir/parser.c.o
[  6%] Building C object tools/genperf/CMakeFiles/genperf.dir/perfect.c.o
[  7%] Building C object tools/genperf/CMakeFiles/genperf.dir/__/__/libyasm/phash.c.o
[  7%] Building C object libyasm/CMakeFiles/libyasm.dir/assocdat.c.o
[  8%] Building C object libyasm/CMakeFiles/libyasm.dir/bitvect.c.o
[  9%] Linking C executable genversion
[ 10%] Linking C executable genmacro
[ 11%] Building C object tools/re2c/CMakeFiles/re2c.dir/actions.c.o
[ 12%] Building C object tools/re2c/CMakeFiles/re2c.dir/scanner.c.o
[ 12%] Built target genmacro
[ 12%] Built target genversion
[ 13%] Building C object libyasm/CMakeFiles/libyasm.dir/bc-align.c.o
[ 13%] Building C object tools/genperf/CMakeFiles/genperf.dir/__/__/libyasm/xmalloc.c.o
[ 14%] Building C object tools/re2c/CMakeFiles/re2c.dir/mbo_getopt.c.o
[ 15%] Building C object libyasm/CMakeFiles/libyasm.dir/bc-data.c.o
[ 16%] Building C object tools/re2c/CMakeFiles/re2c.dir/substr.c.o
[ 16%] Building C object tools/re2c/CMakeFiles/re2c.dir/translate.c.o
[ 17%] Building C object libyasm/CMakeFiles/libyasm.dir/bc-incbin.c.o
[ 18%] Building C object libyasm/CMakeFiles/libyasm.dir/bc-org.c.o
[ 19%] Building C object tools/genperf/CMakeFiles/genperf.dir/__/__/libyasm/xstrdup.c.o
[ 19%] Building C object libyasm/CMakeFiles/libyasm.dir/bc-reserve.c.o
[ 20%] Building C object libyasm/CMakeFiles/libyasm.dir/bytecode.c.o
[ 21%] Building C object libyasm/CMakeFiles/libyasm.dir/cmake-module.c.o
[ 22%] Building C object libyasm/CMakeFiles/libyasm.dir/errwarn.c.o
[ 23%] Building C object libyasm/CMakeFiles/libyasm.dir/expr.c.o
[ 23%] Building C object libyasm/CMakeFiles/libyasm.dir/file.c.o
[ 24%] Building C object libyasm/CMakeFiles/libyasm.dir/floatnum.c.o
[ 25%] Building C object libyasm/CMakeFiles/libyasm.dir/hamt.c.o
[ 26%] Building C object libyasm/CMakeFiles/libyasm.dir/insn.c.o
[ 27%] Building C object libyasm/CMakeFiles/libyasm.dir/intnum.c.o
[ 27%] Building C object libyasm/CMakeFiles/libyasm.dir/inttree.c.o
[ 28%] Building C object libyasm/CMakeFiles/libyasm.dir/linemap.c.o
[ 29%] Linking C executable genperf
[ 30%] Building C object libyasm/CMakeFiles/libyasm.dir/md5.c.o
[ 31%] Building C object libyasm/CMakeFiles/libyasm.dir/mergesort.c.o
[ 32%] Building C object libyasm/CMakeFiles/libyasm.dir/phash.c.o
[ 32%] Built target genperf
[ 33%] Building C object libyasm/CMakeFiles/libyasm.dir/section.c.o
[ 33%] Building C object libyasm/CMakeFiles/libyasm.dir/strcasecmp.c.o
[ 34%] Building C object libyasm/CMakeFiles/libyasm.dir/strsep.c.o
[ 35%] Linking C executable re2c
[ 36%] Building C object libyasm/CMakeFiles/libyasm.dir/symrec.c.o
[ 37%] Building C object libyasm/CMakeFiles/libyasm.dir/valparam.c.o
[ 37%] Built target re2c
[ 38%] Building C object libyasm/CMakeFiles/libyasm.dir/value.c.o
[ 38%] Building C object libyasm/CMakeFiles/libyasm.dir/xmalloc.c.o
[ 39%] Building C object libyasm/CMakeFiles/libyasm.dir/xstrdup.c.o
[ 40%] Linking C static library ../liblibyasm.a
[ 40%] Built target libyasm
[ 40%] Generating win64-gas.c
[ 40%] Generating gas-token.c
[ 40%] Generating lc3bid.c
[ 41%] Generating version.mac
[ 42%] Generating nasm-token.c
[ 43%] Generating x86regtmod.c
[ 44%] Generating nasm-macros.c
[ 46%] Generating x86insns.c, x86insn_gas.gperf, x86insn_nasm.gperf
[ 47%] Generating x86cpu.c
[ 47%] Generating win64-nasm.c
[ 48%] Generating nasm-version.c
[ 49%] Generating x86insn_gas.c
[ 50%] Generating x86insn_nasm.c
[ 52%] Building C object modules/CMakeFiles/yasmstd.dir/init_plugin.c.o
[ 52%] Building C object modules/CMakeFiles/yasmstd.dir/arch/x86/x86bc.c.o
[ 52%] Building C object modules/CMakeFiles/yasmstd.dir/lc3bid.c.o
[ 53%] Building C object modules/CMakeFiles/yasmstd.dir/x86cpu.c.o
[ 54%] Building C object modules/CMakeFiles/yasmstd.dir/arch/x86/x86arch.c.o
[ 56%] Building C object modules/CMakeFiles/yasmstd.dir/arch/x86/x86id.c.o
[ 56%] Building C object modules/CMakeFiles/yasmstd.dir/arch/lc3b/lc3barch.c.o
[ 57%] Building C object modules/CMakeFiles/yasmstd.dir/arch/lc3b/lc3bbc.c.o
[ 58%] Building C object modules/CMakeFiles/yasmstd.dir/arch/x86/x86expr.c.o
[ 58%] Building C object modules/CMakeFiles/yasmstd.dir/x86regtmod.c.o
[ 59%] Building C object modules/CMakeFiles/yasmstd.dir/listfmts/nasm/nasm-listfmt.c.o
[ 60%] Building C object modules/CMakeFiles/yasmstd.dir/parsers/gas/gas-parser.c.o
[ 60%] Building C object modules/CMakeFiles/yasmstd.dir/gas-token.c.o
[ 61%] Building C object modules/CMakeFiles/yasmstd.dir/parsers/gas/gas-parse-intel.c.o
[ 62%] Building C object modules/CMakeFiles/yasmstd.dir/parsers/gas/gas-parse.c.o
[ 63%] Building C object modules/CMakeFiles/yasmstd.dir/parsers/nasm/nasm-parser.c.o
[ 64%] Building C object modules/CMakeFiles/yasmstd.dir/parsers/nasm/nasm-parse.c.o
[ 65%] Building C object modules/CMakeFiles/yasmstd.dir/nasm-token.c.o
[ 66%] Building C object modules/CMakeFiles/yasmstd.dir/preprocs/nasm/nasm-preproc.c.o
[ 66%] Building C object modules/CMakeFiles/yasmstd.dir/preprocs/nasm/nasm-pp.c.o
[ 67%] Building C object modules/CMakeFiles/yasmstd.dir/preprocs/nasm/nasmlib.c.o
[ 68%] Building C object modules/CMakeFiles/yasmstd.dir/preprocs/nasm/nasm-eval.c.o
[ 69%] Building C object modules/CMakeFiles/yasmstd.dir/preprocs/raw/raw-preproc.c.o
[ 70%] Building C object modules/CMakeFiles/yasmstd.dir/preprocs/cpp/cpp-preproc.c.o
[ 71%] Building C object modules/CMakeFiles/yasmstd.dir/preprocs/gas/gas-preproc.c.o
[ 71%] Building C object modules/CMakeFiles/yasmstd.dir/preprocs/gas/gas-eval.c.o
[ 72%] Building C object modules/CMakeFiles/yasmstd.dir/dbgfmts/codeview/cv-dbgfmt.c.o
[ 73%] Building C object modules/CMakeFiles/yasmstd.dir/dbgfmts/codeview/cv-symline.c.o
[ 74%] Building C object modules/CMakeFiles/yasmstd.dir/dbgfmts/codeview/cv-type.c.o
[ 75%] Building C object modules/CMakeFiles/yasmstd.dir/dbgfmts/dwarf2/dwarf2-dbgfmt.c.o
[ 76%] Building C object modules/CMakeFiles/yasmstd.dir/dbgfmts/dwarf2/dwarf2-aranges.c.o
[ 76%] Building C object modules/CMakeFiles/yasmstd.dir/dbgfmts/dwarf2/dwarf2-line.c.o
[ 77%] Building C object modules/CMakeFiles/yasmstd.dir/dbgfmts/dwarf2/dwarf2-info.c.o
[ 79%] Building C object modules/CMakeFiles/yasmstd.dir/dbgfmts/stabs/stabs-dbgfmt.c.o
[ 79%] Building C object modules/CMakeFiles/yasmstd.dir/dbgfmts/null/null-dbgfmt.c.o
[ 79%] Building C object modules/CMakeFiles/yasmstd.dir/objfmts/dbg/dbg-objfmt.c.o
[ 80%] Building C object modules/CMakeFiles/yasmstd.dir/objfmts/bin/bin-objfmt.c.o
[ 81%] Building C object modules/CMakeFiles/yasmstd.dir/objfmts/elf/elf.c.o
[ 82%] Building C object modules/CMakeFiles/yasmstd.dir/objfmts/elf/elf-objfmt.c.o
[ 83%] Building C object modules/CMakeFiles/yasmstd.dir/objfmts/elf/elf-x86-amd64.c.o
[ 84%] Building C object modules/CMakeFiles/yasmstd.dir/objfmts/coff/coff-objfmt.c.o
[ 84%] Building C object modules/CMakeFiles/yasmstd.dir/objfmts/elf/elf-x86-x32.c.o
[ 85%] Building C object modules/CMakeFiles/yasmstd.dir/objfmts/elf/elf-x86-x86.c.o
[ 86%] Building C object modules/CMakeFiles/yasmstd.dir/objfmts/coff/win64-except.c.o
[ 87%] Building C object modules/CMakeFiles/yasmstd.dir/objfmts/macho/macho-objfmt.c.o
[ 87%] Building C object modules/CMakeFiles/yasmstd.dir/objfmts/xdf/xdf-objfmt.c.o
[ 88%] Building C object modules/CMakeFiles/yasmstd.dir/objfmts/rdf/rdf-objfmt.c.o
[ 89%] Linking C static library ../libyasmstd.a
[ 89%] Built target yasmstd
[ 90%] Generating license.c
[ 91%] Generating license.c
[ 92%] Generating license.c
[ 93%] Building C object frontends/yasm/CMakeFiles/yasm.dir/yasm.c.o
[ 94%] Building C object frontends/yasm/CMakeFiles/yasm.dir/yasm-options.c.o
[ 95%] Building C object frontends/vsyasm/CMakeFiles/vsyasm.dir/vsyasm.c.o
[ 96%] Building C object frontends/tasm/CMakeFiles/ytasm.dir/tasm.c.o
[ 97%] Building C object frontends/tasm/CMakeFiles/ytasm.dir/tasm-options.c.o
[ 98%] Building C object frontends/vsyasm/CMakeFiles/vsyasm.dir/__/yasm/yasm-options.c.o
[ 99%] Linking C executable ../../ytasm
[ 99%] Built target ytasm
[100%] Linking C executable ../../yasm
[100%] Linking C executable ../../vsyasm
[100%] Built target yasm
[100%] Built target vsyasm
/private/var/tmp/_bazel_afanasyev/9a39311ceb7a61706aa1e4e247e12702/execroot/_main
[1,358 / 5,606] Executing genrule //third-party/opus:opus_build; 22s local ... (10 actions, 9 running)
INFO: From Executing genrule //third-party/opus:opus_build:
+ '[' ios_arm64 == ios_armv7 ']'
+ '[' ios_arm64 == ios_arm64 ']'
+ BUILD_ARCH=arm64
+ BUILD_DIR=bazel-out/ios_arm64-dbg-ios-arm64-min13.0-ST-57b073d392e5/bin/third-party/opus/build_arm64
+ rm -rf bazel-out/ios_arm64-dbg-ios-arm64-min13.0-ST-57b073d392e5/bin/third-party/opus/build_arm64
+ mkdir -p bazel-out/ios_arm64-dbg-ios-arm64-min13.0-ST-57b073d392e5/bin/third-party/opus/build_arm64
+ cp third-party/opus/build-opus-bazel.sh bazel-out/ios_arm64-dbg-ios-arm64-min13.0-ST-57b073d392e5/bin/third-party/opus/build_arm64/
+ cp third-party/opus/opus-1.5.1.tar.gz bazel-out/ios_arm64-dbg-ios-arm64-min13.0-ST-57b073d392e5/bin/third-party/opus/build_arm64/
+ mkdir -p bazel-out/ios_arm64-dbg-ios-arm64-min13.0-ST-57b073d392e5/bin/third-party/opus/build_arm64/Public/opus
+ sh bazel-out/ios_arm64-dbg-ios-arm64-min13.0-ST-57b073d392e5/bin/third-party/opus/build_arm64/build-opus-bazel.sh arm64 bazel-out/ios_arm64-dbg-ios-arm64-min13.0-ST-57b073d392e5/bin/third-party/opus/build_arm64 opus-1.5.1.tar.gz
+ ARCH=arm64
++++ dirname bazel-out/ios_arm64-dbg-ios-arm64-min13.0-ST-57b073d392e5/bin/third-party/opus/build_arm64
+++ cd bazel-out/ios_arm64-dbg-ios-arm64-min13.0-ST-57b073d392e5/bin/third-party/opus
+++ pwd -P
+++ basename bazel-out/ios_arm64-dbg-ios-arm64-min13.0-ST-57b073d392e5/bin/third-party/opus/build_arm64
++ echo /private/var/tmp/_bazel_afanasyev/9a39311ceb7a61706aa1e4e247e12702/execroot/_main/bazel-out/ios_arm64-dbg-ios-arm64-min13.0-ST-57b073d392e5/bin/third-party/opus/build_arm64
+ BUILD_DIR=/private/var/tmp/_bazel_afanasyev/9a39311ceb7a61706aa1e4e247e12702/execroot/_main/bazel-out/ios_arm64-dbg-ios-arm64-min13.0-ST-57b073d392e5/bin/third-party/opus/build_arm64
+ SOURCE_CODE_ARCHIVE=opus-1.5.1.tar.gz
+ MINIOSVERSION=13.0
+ OPT_CFLAGS='-Os -g'
+ OPT_LDFLAGS=
+ OPT_CONFIG_ARGS=
+ OUTPUTDIR=/private/var/tmp/_bazel_afanasyev/9a39311ceb7a61706aa1e4e247e12702/execroot/_main/bazel-out/ios_arm64-dbg-ios-arm64-min13.0-ST-57b073d392e5/bin/third-party/opus/build_arm64/Public
+ SRCDIR=/private/var/tmp/_bazel_afanasyev/9a39311ceb7a61706aa1e4e247e12702/execroot/_main/bazel-out/ios_arm64-dbg-ios-arm64-min13.0-ST-57b073d392e5/bin/third-party/opus/build_arm64/src
+ mkdir -p /private/var/tmp/_bazel_afanasyev/9a39311ceb7a61706aa1e4e247e12702/execroot/_main/bazel-out/ios_arm64-dbg-ios-arm64-min13.0-ST-57b073d392e5/bin/third-party/opus/build_arm64/src
+ INTERDIR=/private/var/tmp/_bazel_afanasyev/9a39311ceb7a61706aa1e4e247e12702/execroot/_main/bazel-out/ios_arm64-dbg-ios-arm64-min13.0-ST-57b073d392e5/bin/third-party/opus/build_arm64/built
+ mkdir -p /private/var/tmp/_bazel_afanasyev/9a39311ceb7a61706aa1e4e247e12702/execroot/_main/bazel-out/ios_arm64-dbg-ios-arm64-min13.0-ST-57b073d392e5/bin/third-party/opus/build_arm64/built
+ tar zxf /private/var/tmp/_bazel_afanasyev/9a39311ceb7a61706aa1e4e247e12702/execroot/_main/bazel-out/ios_arm64-dbg-ios-arm64-min13.0-ST-57b073d392e5/bin/third-party/opus/build_arm64/opus-1.5.1.tar.gz -C /private/var/tmp/_bazel_afanasyev/9a39311ceb7a61706aa1e4e247e12702/execroot/_main/bazel-out/ios_arm64-dbg-ios-arm64-min13.0-ST-57b073d392e5/bin/third-party/opus/build_arm64/src
+ cd /private/var/tmp/_bazel_afanasyev/9a39311ceb7a61706aa1e4e247e12702/execroot/_main/bazel-out/ios_arm64-dbg-ios-arm64-min13.0-ST-57b073d392e5/bin/third-party/opus/build_arm64/src/opus-1.5.1
+ '[' arm64 = linux_x86_64 ']'
+ '[' arm64 = linux_arm64 ']'
+ '[' arm64 == x86_64 ']'
+ '[' arm64 == sim_arm64 ']'
+ PLATFORM=iphoneos
+ EXTRA_CFLAGS='-arch arm64'
+ EXTRA_CONFIG=--host=arm-apple-darwin
++ xcrun --sdk iphoneos --show-sdk-path
+ SDK_PATH=/Applications/Xcode.app/Contents/Developer/Platforms/iPhoneOS.platform/Developer/SDKs/iPhoneOS26.4.sdk
+ mkdir -p /private/var/tmp/_bazel_afanasyev/9a39311ceb7a61706aa1e4e247e12702/execroot/_main/bazel-out/ios_arm64-dbg-ios-arm64-min13.0-ST-57b073d392e5/bin/third-party/opus/build_arm64/built
+ ./configure --disable-shared --enable-static --with-pic --disable-extra-programs --disable-doc --disable-asm --enable-intrinsics --host=arm-apple-darwin --prefix=/private/var/tmp/_bazel_afanasyev/9a39311ceb7a61706aa1e4e247e12702/execroot/_main/bazel-out/ios_arm64-dbg-ios-arm64-min13.0-ST-57b073d392e5/bin/third-party/opus/build_arm64/built 'LDFLAGS=  -fPIE -miphoneos-version-min=13.0 -L/private/var/tmp/_bazel_afanasyev/9a39311ceb7a61706aa1e4e247e12702/execroot/_main/bazel-out/ios_arm64-dbg-ios-arm64-min13.0-ST-57b073d392e5/bin/third-party/opus/build_arm64/Public/lib' 'CFLAGS= -arch arm64 -Os -g -fPIE -miphoneos-version-min=13.0 -I/private/var/tmp/_bazel_afanasyev/9a39311ceb7a61706aa1e4e247e12702/execroot/_main/bazel-out/ios_arm64-dbg-ios-arm64-min13.0-ST-57b073d392e5/bin/third-party/opus/build_arm64/Public/include -isysroot /Applications/Xcode.app/Contents/Developer/Platforms/iPhoneOS.platform/Developer/SDKs/iPhoneOS26.4.sdk'
rm: conftest.dSYM: is a directory
configure: WARNING: using cross tools not prefixed with host triplet
rm: conftest.dSYM: is a directory
rm: conftest.dSYM: is a directory
rm: conftest.dSYM: is a directory
+ make -j
ranlib: warning: 'libopus.a(arm_celt_map.o)' has no symbols
ranlib: warning: 'libopus.a(debug.o)' has no symbols
ranlib: warning: 'libopus.a(arm_silk_map.o)' has no symbols
ranlib: warning: 'libopus.a(arm_celt_map.o)' has no symbols
ranlib: warning: 'libopus.a(debug.o)' has no symbols
ranlib: warning: 'libopus.a(arm_silk_map.o)' has no symbols
+ make install
ranlib: warning: 'libopus.a(arm_celt_map.o)' has no symbols
ranlib: warning: 'libopus.a(debug.o)' has no symbols
ranlib: warning: 'libopus.a(arm_silk_map.o)' has no symbols
+ cp -f bazel-out/ios_arm64-dbg-ios-arm64-min13.0-ST-57b073d392e5/bin/third-party/opus/build_arm64/built/include/opus/opus.h bazel-out/ios_arm64-dbg-ios-arm64-min13.0-ST-57b073d392e5/bin/third-party/opus/Public/opus/opus.h
+ cp -f bazel-out/ios_arm64-dbg-ios-arm64-min13.0-ST-57b073d392e5/bin/third-party/opus/build_arm64/built/include/opus/opus_defines.h bazel-out/ios_arm64-dbg-ios-arm64-min13.0-ST-57b073d392e5/bin/third-party/opus/Public/opus/opus_defines.h
+ cp -f bazel-out/ios_arm64-dbg-ios-arm64-min13.0-ST-57b073d392e5/bin/third-party/opus/build_arm64/built/include/opus/opus_multistream.h bazel-out/ios_arm64-dbg-ios-arm64-min13.0-ST-57b073d392e5/bin/third-party/opus/Public/opus/opus_multistream.h
+ cp -f bazel-out/ios_arm64-dbg-ios-arm64-min13.0-ST-57b073d392e5/bin/third-party/opus/build_arm64/built/include/opus/opus_projection.h bazel-out/ios_arm64-dbg-ios-arm64-min13.0-ST-57b073d392e5/bin/third-party/opus/Public/opus/opus_projection.h
+ cp -f bazel-out/ios_arm64-dbg-ios-arm64-min13.0-ST-57b073d392e5/bin/third-party/opus/build_arm64/built/include/opus/opus_types.h bazel-out/ios_arm64-dbg-ios-arm64-min13.0-ST-57b073d392e5/bin/third-party/opus/Public/opus/opus_types.h
+ cp -f bazel-out/ios_arm64-dbg-ios-arm64-min13.0-ST-57b073d392e5/bin/third-party/opus/build_arm64/built/lib/libopus.a bazel-out/ios_arm64-dbg-ios-arm64-min13.0-ST-57b073d392e5/bin/third-party/opus/Public/opus/lib/libopus.a
checking whether make supports nested variables... yes
checking for a BSD-compatible install... /usr/bin/install -c
checking whether build environment is sane... yes
checking for arm-apple-darwin-strip... no
checking for strip... strip
checking for a race-free mkdir -p... ./install-sh -c -d
checking for gawk... no
checking for mawk... no
checking for nawk... no
checking for awk... awk
checking whether make sets $(MAKE)... yes
checking whether to enable maintainer-specific portions of Makefiles... yes
checking build system type... aarch64-apple-darwin25.4.0
checking host system type... arm-apple-darwin
checking how to print strings... printf
checking whether make supports the include directive... yes (GNU style)
checking for arm-apple-darwin-gcc... no
checking for gcc... gcc
checking whether the C compiler works... yes
checking for C compiler default output file name... a.out
checking for suffix of executables... 
checking whether we are cross compiling... yes
checking for suffix of object files... o
checking whether the compiler supports GNU C... yes
checking whether gcc accepts -g... yes
checking for gcc option to enable C11 features... none needed
checking whether gcc understands -c and -o together... yes
checking dependency style of gcc... gcc3
checking for a sed that does not truncate output... /usr/bin/sed
checking for grep that handles long lines and -e... /usr/bin/grep
checking for egrep... /usr/bin/grep -E
checking for fgrep... /usr/bin/grep -F
checking for ld used by gcc... /Applications/Xcode.app/Contents/Developer/Toolchains/XcodeDefault.xctoolchain/usr/bin/ld
checking if the linker (/Applications/Xcode.app/Contents/Developer/Toolchains/XcodeDefault.xctoolchain/usr/bin/ld) is GNU ld... no
checking for BSD- or MS-compatible name lister (nm)... no
checking for arm-apple-darwin-dumpbin... no
checking for arm-apple-darwin-link... no
checking for dumpbin... no
checking for link... link -dump
checking the name lister (nm) interface... BSD nm
checking whether ln -s works... yes
checking the maximum length of command line arguments... 786432
checking how to convert aarch64-apple-darwin25.4.0 file names to arm-apple-darwin format... func_convert_file_noop
checking how to convert aarch64-apple-darwin25.4.0 file names to toolchain format... func_convert_file_noop
checking for /Applications/Xcode.app/Contents/Developer/Toolchains/XcodeDefault.xctoolchain/usr/bin/ld option to reload object files... -r
checking for arm-apple-darwin-objdump... no
checking for objdump... objdump
checking how to recognize dependent libraries... pass_all
checking for arm-apple-darwin-dlltool... no
checking for dlltool... no
checking how to associate runtime and link libraries... printf %s\n
checking for arm-apple-darwin-ar... no
checking for ar... ar
checking for archiver @FILE support... no
checking for arm-apple-darwin-strip... strip
checking for arm-apple-darwin-ranlib... no
checking for ranlib... ranlib
checking command to parse nm output from gcc object... ok
checking for sysroot... no
checking for a working dd... /bin/dd
checking how to truncate binary pipes... /bin/dd bs=4096 count=1
checking for arm-apple-darwin-mt... no
checking for mt... no
checking if : is a manifest tool... no
checking for arm-apple-darwin-dsymutil... no
checking for dsymutil... dsymutil
checking for arm-apple-darwin-nmedit... no
checking for nmedit... nmedit
checking for arm-apple-darwin-lipo... no
checking for lipo... lipo
checking for arm-apple-darwin-otool... no
checking for otool... otool
checking for arm-apple-darwin-otool64... no
checking for otool64... no
checking for -single_module linker flag... ld: warning: -single_module is obsolete
no
checking for -exported_symbols_list linker flag... yes
checking for -force_load linker flag... yes
checking for stdio.h... yes
checking for stdlib.h... yes
checking for string.h... yes
checking for inttypes.h... yes
checking for stdint.h... yes
checking for strings.h... yes
checking for sys/stat.h... yes
checking for sys/types.h... yes
checking for unistd.h... yes
checking for dlfcn.h... yes
checking for objdir... .libs
checking if gcc supports -fno-rtti -fno-exceptions... yes
checking for gcc option to produce PIC... -fno-common -DPIC
checking if gcc PIC flag -fno-common -DPIC works... yes
checking if gcc static flag -static works... no
checking if gcc supports -c -o file.o... yes
checking if gcc supports -c -o file.o... (cached) yes
checking whether the gcc linker (/Applications/Xcode.app/Contents/Developer/Toolchains/XcodeDefault.xctoolchain/usr/bin/ld) supports shared libraries... yes
checking dynamic linker characteristics... darwin dyld
checking how to hardcode library paths into programs... immediate
checking whether stripping libraries is possible... yes
checking if libtool supports shared libraries... yes
checking whether to build shared libraries... no
checking whether to build static libraries... yes
checking for an ANSI C-conforming const... yes
checking for inline... inline
checking dependency style of gcc... gcc3
checking for C/C++ restrict keyword... __restrict
checking for C99 variable-size arrays... yes
checking how to run the C preprocessor... gcc -E
checking if compiler supports ARM Neon intrinsics... yes
checking for NE10... no
checking if compiler supports Aarch64 Neon intrinsics... yes
checking if compiler supports Aarch64 dotprod intrinsics... no
checking if compiler supports Aarch64 dotprod intrinsics with -march=armv8.2-a+dotprod... yes
checking argument osce training data... no
checking if gcc supports -fvisibility=hidden... yes
checking whether to add -D_FORTIFY_SOURCE=2 to CFLAGS... yes
checking if gcc supports -Wall -Wextra -Wcast-align -Wnested-externs -Wshadow -Wstrict-prototypes... yes
checking for lrintf... yes
checking for lrint... yes
checking for __malloc_hook... no
checking that generated files are newer than configure... done
configure: creating ./config.status
config.status: creating Makefile
config.status: creating opus.pc
config.status: creating opus-uninstalled.pc
config.status: creating celt/arm/armopts.s
config.status: creating doc/Makefile
config.status: creating doc/Doxyfile
config.status: creating config.h
config.status: executing depfiles commands
config.status: executing libtool commands
configure:
------------------------------------------------------------------------
  opus 1.5.1:  Automatic configuration OK.

    Compiler support:

      C99 var arrays: ................ yes
      C99 lrintf: .................... yes
      Use alloca: .................... no (using var arrays)

    General configuration:

      Floating point support: ........ yes
      Fast float approximations: ..... yes
      Fixed point debugging: ......... no
      Inline Assembly Optimizations: . disabled
      External Assembly Optimizations: disabled
      Intrinsics Optimizations: ...... ARM (NEON) (NEON Aarch64) (DOTPROD)
      Run-time CPU detection: ........ ARM (DOTPROD Intrinsics)
      Custom modes: .................. no
      Assertion checking: ............ no
      Hardening: ..................... yes
      Fuzzing: ....................... no
      Check ASM: ..................... no

      API documentation: ............. no
      Extra programs: ................ no
------------------------------------------------------------------------

 Type "make; make install" to compile and install
 Type "make check" to run the test suite

/Applications/Xcode.app/Contents/Developer/usr/bin/make  all-recursive
make[3]: Nothing to be done for `all'.
  CC       celt/bands.lo
  CC       celt/celt.lo
  CC       celt/entcode.lo
  CC       celt/celt_decoder.lo
  CC       celt/mathops.lo
  CC       celt/celt_encoder.lo
  CC       celt/entdec.lo
  CC       celt/entenc.lo
  CC       celt/cwrs.lo
  CC       celt/laplace.lo
  CC       celt/modes.lo
  CC       celt/celt_lpc.lo
  CC       celt/kiss_fft.lo
  CC       celt/mdct.lo
  CC       celt/pitch.lo
  CC       celt/rate.lo
  CC       celt/vq.lo
  CC       celt/quant_bands.lo
  CC       celt/arm/pitch_neon_intr.lo
  CC       celt/arm/arm_celt_map.lo
  CC       celt/arm/armcpu.lo
  CC       celt/arm/celt_neon_intr.lo
  CC       silk/CNG.lo
  CC       silk/decoder_set_fs.lo
  CC       silk/decode_core.lo
  CC       silk/decode_pulses.lo
  CC       silk/decode_frame.lo
  CC       silk/code_signs.lo
  CC       silk/decode_indices.lo
  CC       silk/LP_variable_cutoff.lo
  CC       silk/NSQ_del_dec.lo
  CC       silk/decode_parameters.lo
  CC       silk/PLC.lo
  CC       silk/NSQ.lo
  CC       silk/tables_pulses_per_block.lo
  CC       silk/tables_NLSF_CB_NB_MB.lo
  CC       silk/tables_NLSF_CB_WB.lo
  CC       silk/init_decoder.lo
  CC       silk/tables_pitch_lag.lo
  CC       silk/tables_LTP.lo
  CC       silk/encode_indices.lo
  CC       silk/NLSF_decode.lo
  CC       silk/gain_quant.lo
  CC       silk/enc_API.lo
  CC       silk/VAD.lo
  CC       silk/interpolate.lo
  CC       silk/quant_LTP_gains.lo
  CC       silk/tables_gain.lo
  CC       silk/process_NLSFs.lo
  CC       silk/NLSF_del_dec_quant.lo
  CC       silk/shell_coder.lo
  CC       silk/NLSF_encode.lo
  CC       silk/check_control_input.lo
  CC       silk/init_encoder.lo
  CC       silk/VQ_WMat_EC.lo
  CC       silk/NLSF_unpack.lo
  CC       silk/HP_variable_cutoff.lo
  CC       silk/A2NLSF.lo
  CC       silk/control_codec.lo
  CC       silk/control_audio_bandwidth.lo
  CC       silk/stereo_MS_to_LR.lo
  CC       silk/stereo_LR_to_MS.lo
  CC       silk/encode_pulses.lo
  CC       silk/tables_other.lo
  CC       silk/biquad_alt.lo
  CC       silk/dec_API.lo
  CC       silk/ana_filt_bank_1.lo
  CC       silk/control_SNR.lo
  CC       silk/NLSF_VQ.lo
  CC       silk/debug.lo
  CC       silk/decode_pitch.lo
  CC       silk/bwexpander.lo
  CC       silk/bwexpander_32.lo
  CC       silk/sigm_Q15.lo
  CC       silk/NLSF_VQ_weights_laroia.lo
  CC       silk/resampler_private_up2_HQ.lo
  CC       silk/resampler_down2_3.lo
  CC       silk/stereo_decode_pred.lo
  CC       silk/resampler_private_down_FIR.lo
  CC       silk/log2lin.lo
  CC       silk/float/k2a_FLP.lo
  CC       silk/LPC_inv_pred_gain.lo
  CC       silk/inner_prod_aligned.lo
  CC       silk/float/find_LPC_FLP.lo
  CC       silk/float/LPC_analysis_filter_FLP.lo
  CC       silk/lin2log.lo
  CC       src/opus_decoder.lo
  CC       silk/arm/NSQ_neon.lo
  CC       silk/NLSF_stabilize.lo
  CC       silk/stereo_find_predictor.lo
  CC       silk/stereo_quant_pred.lo
  CC       silk/float/wrappers_FLP.lo
  CC       silk/resampler_private_AR2.lo
  CC       silk/float/encode_frame_FLP.lo
  CC       src/mlp_data.lo
  CC       silk/arm/arm_silk_map.lo
  CC       silk/float/find_pitch_lags_FLP.lo
  CC       silk/LPC_analysis_filter.lo
  CC       silk/arm/LPC_inv_pred_gain_neon_intr.lo
  CC       silk/arm/NSQ_del_dec_neon_intr.lo
  CC       src/opus_projection_encoder.lo
  CC       src/opus_multistream.lo
  CC       src/extensions.lo
  CC       src/opus.lo
  CC       silk/float/energy_FLP.lo
  CC       src/analysis.lo
  CC       silk/float/autocorrelation_FLP.lo
  CC       src/opus_multistream_decoder.lo
  CC       silk/float/LPC_inv_pred_gain_FLP.lo
  CC       silk/float/scale_vector_FLP.lo
  CC       src/opus_projection_decoder.lo
  CC       silk/float/scale_copy_vector_FLP.lo
  CC       silk/float/schur_FLP.lo
  CC       src/opus_multistream_encoder.lo
  CC       silk/arm/biquad_alt_neon_intr.lo
  CC       src/repacketizer.lo
  CC       silk/float/pitch_analysis_core_FLP.lo
  CC       silk/float/find_LTP_FLP.lo
  CC       silk/float/noise_shape_analysis_FLP.lo
  CC       silk/float/burg_modified_FLP.lo
  CC       silk/float/LTP_analysis_filter_FLP.lo
  CC       silk/LPC_fit.lo
  CC       silk/float/apply_sine_window_FLP.lo
  CC       silk/float/bwexpander_FLP.lo
  CC       src/mlp.lo
  CC       src/mapping_matrix.lo
  CC       src/opus_encoder.lo
  CC       silk/float/inner_product_FLP.lo
  CC       silk/stereo_encode_pred.lo
  CC       silk/pitch_est_tables.lo
  CC       silk/resampler_rom.lo
  CC       silk/float/LTP_scale_ctrl_FLP.lo
  CC       silk/NLSF2A.lo
  CC       silk/float/find_pred_coefs_FLP.lo
  CC       silk/table_LSF_cos.lo
  CC       silk/float/residual_energy_FLP.lo
  CC       silk/float/warped_autocorrelation_FLP.lo
  CC       silk/float/regularize_correlations_FLP.lo
  CC       silk/float/process_gains_FLP.lo
  CC       silk/float/corrMatrix_FLP.lo
  CC       silk/sort.lo
  CC       silk/resampler.lo
  CC       silk/resampler_down2.lo
  CC       silk/resampler_private_IIR_FIR.lo
  CC       silk/float/sort_FLP.lo
  CC       silk/sum_sqr_shift.lo
  CCLD     libopus.la
/Applications/Xcode.app/Contents/Developer/usr/bin/make  install-recursive
make[3]: Nothing to be done for `all'.
 ./install-sh -c -d '/private/var/tmp/_bazel_afanasyev/9a39311ceb7a61706aa1e4e247e12702/execroot/_main/bazel-out/ios_arm64-dbg-ios-arm64-min13.0-ST-57b073d392e5/bin/third-party/opus/build_arm64/built/lib'
 /bin/sh ./libtool   --mode=install /usr/bin/install -c   libopus.la '/private/var/tmp/_bazel_afanasyev/9a39311ceb7a61706aa1e4e247e12702/execroot/_main/bazel-out/ios_arm64-dbg-ios-arm64-min13.0-ST-57b073d392e5/bin/third-party/opus/build_arm64/built/lib'
libtool: install: /usr/bin/install -c .libs/libopus.lai /private/var/tmp/_bazel_afanasyev/9a39311ceb7a61706aa1e4e247e12702/execroot/_main/bazel-out/ios_arm64-dbg-ios-arm64-min13.0-ST-57b073d392e5/bin/third-party/opus/build_arm64/built/lib/libopus.la
libtool: install: /usr/bin/install -c .libs/libopus.a /private/var/tmp/_bazel_afanasyev/9a39311ceb7a61706aa1e4e247e12702/execroot/_main/bazel-out/ios_arm64-dbg-ios-arm64-min13.0-ST-57b073d392e5/bin/third-party/opus/build_arm64/built/lib/libopus.a
libtool: install: chmod 644 /private/var/tmp/_bazel_afanasyev/9a39311ceb7a61706aa1e4e247e12702/execroot/_main/bazel-out/ios_arm64-dbg-ios-arm64-min13.0-ST-57b073d392e5/bin/third-party/opus/build_arm64/built/lib/libopus.a
libtool: install: ranlib /private/var/tmp/_bazel_afanasyev/9a39311ceb7a61706aa1e4e247e12702/execroot/_main/bazel-out/ios_arm64-dbg-ios-arm64-min13.0-ST-57b073d392e5/bin/third-party/opus/build_arm64/built/lib/libopus.a
make[5]: Nothing to be done for `install-exec-am'.
make[5]: Nothing to be done for `install-data-am'.
 ./install-sh -c -d '/private/var/tmp/_bazel_afanasyev/9a39311ceb7a61706aa1e4e247e12702/execroot/_main/bazel-out/ios_arm64-dbg-ios-arm64-min13.0-ST-57b073d392e5/bin/third-party/opus/build_arm64/built/share/aclocal'
 /usr/bin/install -c -m 644 opus.m4 '/private/var/tmp/_bazel_afanasyev/9a39311ceb7a61706aa1e4e247e12702/execroot/_main/bazel-out/ios_arm64-dbg-ios-arm64-min13.0-ST-57b073d392e5/bin/third-party/opus/build_arm64/built/share/aclocal'
 ./install-sh -c -d '/private/var/tmp/_bazel_afanasyev/9a39311ceb7a61706aa1e4e247e12702/execroot/_main/bazel-out/ios_arm64-dbg-ios-arm64-min13.0-ST-57b073d392e5/bin/third-party/opus/build_arm64/built/lib/pkgconfig'
 /usr/bin/install -c -m 644 opus.pc '/private/var/tmp/_bazel_afanasyev/9a39311ceb7a61706aa1e4e247e12702/execroot/_main/bazel-out/ios_arm64-dbg-ios-arm64-min13.0-ST-57b073d392e5/bin/third-party/opus/build_arm64/built/lib/pkgconfig'
 ./install-sh -c -d '/private/var/tmp/_bazel_afanasyev/9a39311ceb7a61706aa1e4e247e12702/execroot/_main/bazel-out/ios_arm64-dbg-ios-arm64-min13.0-ST-57b073d392e5/bin/third-party/opus/build_arm64/built/include/opus'
 /usr/bin/install -c -m 644 include/opus.h include/opus_multistream.h include/opus_types.h include/opus_defines.h include/opus_projection.h '/private/var/tmp/_bazel_afanasyev/9a39311ceb7a61706aa1e4e247e12702/execroot/_main/bazel-out/ios_arm64-dbg-ios-arm64-min13.0-ST-57b073d392e5/bin/third-party/opus/build_arm64/built/include/opus'
INFO: From Executing genrule //third-party/webrtc:copy_opus_headers:
+ cp bazel-out/ios_arm64-dbg-ios-arm64-min13.0-ST-57b073d392e5/bin/third-party/opus/Public/opus/opus_defines.h bazel-out/ios_arm64-dbg-ios-arm64-min13.0-ST-57b073d392e5/bin/third-party/webrtc/opus_headers/third_party/opus/src/include/opus_defines.h
+ cp bazel-out/ios_arm64-dbg-ios-arm64-min13.0-ST-57b073d392e5/bin/third-party/opus/Public/opus/opus_multistream.h bazel-out/ios_arm64-dbg-ios-arm64-min13.0-ST-57b073d392e5/bin/third-party/webrtc/opus_headers/third_party/opus/src/include/opus_multistream.h
+ cp bazel-out/ios_arm64-dbg-ios-arm64-min13.0-ST-57b073d392e5/bin/third-party/opus/Public/opus/opus_projection.h bazel-out/ios_arm64-dbg-ios-arm64-min13.0-ST-57b073d392e5/bin/third-party/webrtc/opus_headers/third_party/opus/src/include/opus_projection.h
+ cp bazel-out/ios_arm64-dbg-ios-arm64-min13.0-ST-57b073d392e5/bin/third-party/opus/Public/opus/opus_types.h bazel-out/ios_arm64-dbg-ios-arm64-min13.0-ST-57b073d392e5/bin/third-party/webrtc/opus_headers/third_party/opus/src/include/opus_types.h
+ cp bazel-out/ios_arm64-dbg-ios-arm64-min13.0-ST-57b073d392e5/bin/third-party/opus/Public/opus/opus.h bazel-out/ios_arm64-dbg-ios-arm64-min13.0-ST-57b073d392e5/bin/third-party/webrtc/opus_headers/third_party/opus/src/include/opus.h
[1,366 / 5,606] Executing genrule //third-party/flatc:flatc [for tool]; 22s local ... (10 actions, 9 running)
INFO: From Compiling submodules/MonotonicTime/Sources/DeviceUptime.m:
submodules/MonotonicTime/Sources/DeviceUptime.m:17:34: warning: implicit conversion loses integer precision: '__darwin_time_t' (aka 'long') to 'int32_t' (aka 'int') [-Wshorten-64-to-32]
   17 |             *bootTime = boottime.tv_sec;
      |                       ~ ~~~~~~~~~^~~~~~
submodules/MonotonicTime/Sources/DeviceUptime.m:21:12: warning: implicit conversion loses integer precision: 'time_t' (aka 'long') to 'int32_t' (aka 'int') [-Wshorten-64-to-32]
   21 |     return uptime;
      |     ~~~~~~ ^~~~~~
2 warnings generated.
[1,398 / 5,606] Executing genrule //third-party/flatc:flatc [for tool]; 23s local ... (10 actions running)
INFO: From Compiling submodules/OpusBinding/Sources/opusfile/opusfile.c:
submodules/OpusBinding/Sources/opusfile/opusfile.c:3068:18: warning: implicit conversion from 'unsigned int' to 'float' changes value from 4294967295 to 4294967296 [-Wimplicit-const-int-float-conversion]
 3068 |           r=seed*OP_PRNG_GAIN;
      |                  ^~~~~~~~~~~~
submodules/OpusBinding/Sources/opusfile/opusfile.c:3005:29: note: expanded from macro 'OP_PRNG_GAIN'
 3005 | # define OP_PRNG_GAIN (1.0F/0xFFFFFFFF)
      |                            ~^~~~~~~~~~
submodules/OpusBinding/Sources/opusfile/opusfile.c:3070:19: warning: implicit conversion from 'unsigned int' to 'float' changes value from 4294967295 to 4294967296 [-Wimplicit-const-int-float-conversion]
 3070 |           r-=seed*OP_PRNG_GAIN;
      |                   ^~~~~~~~~~~~
submodules/OpusBinding/Sources/opusfile/opusfile.c:3005:29: note: expanded from macro 'OP_PRNG_GAIN'
 3005 | # define OP_PRNG_GAIN (1.0F/0xFFFFFFFF)
      |                            ~^~~~~~~~~~
2 warnings generated.
[1,429 / 5,606] Executing genrule //third-party/flatc:flatc [for tool]; 24s local ... (10 actions running)
[1,453 / 5,606] Executing genrule //third-party/flatc:flatc [for tool]; 25s local ... (10 actions running)
[1,470 / 5,606] Executing genrule //third-party/flatc:flatc [for tool]; 26s local ... (10 actions running)
[1,488 / 5,606] Executing genrule //third-party/flatc:flatc [for tool]; 27s local ... (10 actions running)
[1,506 / 5,606] Executing genrule //third-party/flatc:flatc [for tool]; 28s local ... (10 actions running)
[1,532 / 5,606] Executing genrule //third-party/flatc:flatc [for tool]; 29s local ... (10 actions, 9 running)
[1,559 / 5,606] Executing genrule //third-party/flatc:flatc [for tool]; 30s local ... (10 actions running)
[1,586 / 5,606] Executing genrule //third-party/flatc:flatc [for tool]; 31s local ... (8 actions running)
[1,621 / 5,606] Executing genrule //third-party/flatc:flatc [for tool]; 32s local ... (10 actions running)
[1,661 / 5,606] Executing genrule //third-party/flatc:flatc [for tool]; 33s local ... (10 actions, 9 running)
[1,695 / 5,606] Executing genrule //third-party/flatc:flatc [for tool]; 34s local ... (10 actions running)
[1,727 / 5,606] Executing genrule //third-party/flatc:flatc [for tool]; 35s local ... (10 actions running)
[1,754 / 5,606] Executing genrule //third-party/flatc:flatc [for tool]; 36s local ... (10 actions running)
[1,792 / 5,606] Executing genrule //third-party/flatc:flatc [for tool]; 37s local ... (10 actions running)
[1,842 / 5,606] Executing genrule //third-party/flatc:flatc [for tool]; 38s local ... (10 actions running)
[1,865 / 5,606] Executing genrule //third-party/flatc:flatc [for tool]; 39s local ... (10 actions running)
INFO: From Executing genrule //third-party/flatc:flatc [for tool]:
++ PATH=/usr/bin:/bin:/usr/sbin:/sbin:/usr/sbin
++ sysctl -n hw.logicalcpu
+ core_count=10
+ BUILD_DIR=bazel-out/darwin_arm64-opt-exec-ST-d57f47055a04/bin/third-party/flatc/build
+ rm -rf bazel-out/darwin_arm64-opt-exec-ST-d57f47055a04/bin/third-party/flatc/build
+ mkdir -p bazel-out/darwin_arm64-opt-exec-ST-d57f47055a04/bin/third-party/flatc/build
++ pwd
+ CMAKE_DIR=/private/var/tmp/_bazel_afanasyev/9a39311ceb7a61706aa1e4e247e12702/execroot/_main/bazel-out/darwin_arm64-opt-exec-ST-d57f47055a04/bin/third-party/flatc/build/cmake
+ rm -rf /private/var/tmp/_bazel_afanasyev/9a39311ceb7a61706aa1e4e247e12702/execroot/_main/bazel-out/darwin_arm64-opt-exec-ST-d57f47055a04/bin/third-party/flatc/build/cmake
+ mkdir -p /private/var/tmp/_bazel_afanasyev/9a39311ceb7a61706aa1e4e247e12702/execroot/_main/bazel-out/darwin_arm64-opt-exec-ST-d57f47055a04/bin/third-party/flatc/build/cmake
+ tar -xf external/+_repo_rules+cmake_tar_gz/file/downloaded -C /private/var/tmp/_bazel_afanasyev/9a39311ceb7a61706aa1e4e247e12702/execroot/_main/bazel-out/darwin_arm64-opt-exec-ST-d57f47055a04/bin/third-party/flatc/build/cmake
+ tar -xzf external/+_repo_rules+flatbuffers_zip/file/downloaded --directory bazel-out/darwin_arm64-opt-exec-ST-d57f47055a04/bin/third-party/flatc/build
+ pushd bazel-out/darwin_arm64-opt-exec-ST-d57f47055a04/bin/third-party/flatc/build/flatbuffers-24.12.23
+ mkdir build
+ cd build
+ PATH=/private/var/tmp/_bazel_afanasyev/9a39311ceb7a61706aa1e4e247e12702/execroot/_main/bazel-out/darwin_arm64-opt-exec-ST-d57f47055a04/bin/third-party/flatc/build/cmake/cmake-4.1.2-macos-universal/CMake.app/Contents/bin:/usr/bin:/bin:/usr/sbin:/sbin
+ cmake .. -DCMAKE_BUILD_TYPE=Release -DFLATBUFFERS_BUILD_TESTS=0 -DFLATBUFFERS_INSTALL=0 -DFLATBUFFERS_BUILD_FLATLIB=0 -DFLATBUFFERS_STATIC_FLATC=0
+ make -j 10
+ popd
+ cp bazel-out/darwin_arm64-opt-exec-ST-d57f47055a04/bin/third-party/flatc/build/flatbuffers-24.12.23/build/flatc bazel-out/darwin_arm64-opt-exec-ST-d57f47055a04/bin/third-party/flatc/flatc_bin
/private/var/tmp/_bazel_afanasyev/9a39311ceb7a61706aa1e4e247e12702/execroot/_main/bazel-out/darwin_arm64-opt-exec-ST-d57f47055a04/bin/third-party/flatc/build/flatbuffers-24.12.23 /private/var/tmp/_bazel_afanasyev/9a39311ceb7a61706aa1e4e247e12702/execroot/_main
-- Proceeding with version: 24.12.23.0
-- The CXX compiler identification is AppleClang 21.0.0.21000099
-- Detecting CXX compiler ABI info
-- Detecting CXX compiler ABI info - done
-- Check for working CXX compiler: /usr/bin/c++ - skipped
-- Detecting CXX compile features
-- Detecting CXX compile features - done
-- Looking for strtof_l
-- Looking for strtof_l - not found
-- Looking for strtoull_l
-- Looking for strtoull_l - not found
-- Looking for realpath
-- Looking for realpath - found
-- CMAKE_CXX_FLAGS: 
-- Configuring done (1.1s)
-- Generating done (0.0s)
-- Build files have been written to: /private/var/tmp/_bazel_afanasyev/9a39311ceb7a61706aa1e4e247e12702/execroot/_main/bazel-out/darwin_arm64-opt-exec-ST-d57f47055a04/bin/third-party/flatc/build/flatbuffers-24.12.23/build
[  2%] Building CXX object CMakeFiles/flatc.dir/src/idl_parser.cpp.o
[  5%] Building CXX object CMakeFiles/flatc.dir/src/idl_gen_text.cpp.o
[ 15%] Building CXX object CMakeFiles/flatc.dir/src/idl_gen_dart.cpp.o
[ 15%] Building CXX object CMakeFiles/flatc.dir/src/util.cpp.o
[ 17%] Building CXX object CMakeFiles/flatc.dir/src/idl_gen_kotlin_kmp.cpp.o
[ 17%] Building CXX object CMakeFiles/flatc.dir/src/idl_gen_binary.cpp.o
[ 17%] Building CXX object CMakeFiles/flatc.dir/src/reflection.cpp.o
[ 23%] Building CXX object CMakeFiles/flatc.dir/src/idl_gen_csharp.cpp.o
[ 23%] Building CXX object CMakeFiles/flatc.dir/src/idl_gen_kotlin.cpp.o
[ 25%] Building CXX object CMakeFiles/flatc.dir/src/idl_gen_cpp.cpp.o
[ 28%] Building CXX object CMakeFiles/flatc.dir/src/idl_gen_go.cpp.o
[ 30%] Building CXX object CMakeFiles/flatc.dir/src/idl_gen_java.cpp.o
[ 33%] Building CXX object CMakeFiles/flatc.dir/src/idl_gen_ts.cpp.o
[ 35%] Building CXX object CMakeFiles/flatc.dir/src/idl_gen_php.cpp.o
[ 38%] Building CXX object CMakeFiles/flatc.dir/src/idl_gen_python.cpp.o
[ 41%] Building CXX object CMakeFiles/flatc.dir/src/idl_gen_lobster.cpp.o
[ 43%] Building CXX object CMakeFiles/flatc.dir/src/idl_gen_rust.cpp.o
[ 46%] Building CXX object CMakeFiles/flatc.dir/src/idl_gen_fbs.cpp.o
[ 48%] Building CXX object CMakeFiles/flatc.dir/src/idl_gen_grpc.cpp.o
[ 51%] Building CXX object CMakeFiles/flatc.dir/src/idl_gen_json_schema.cpp.o
[ 53%] Building CXX object CMakeFiles/flatc.dir/src/idl_gen_swift.cpp.o
[ 56%] Building CXX object CMakeFiles/flatc.dir/src/file_name_saving_file_manager.cpp.o
[ 58%] Building CXX object CMakeFiles/flatc.dir/src/file_binary_writer.cpp.o
[ 61%] Building CXX object CMakeFiles/flatc.dir/src/file_writer.cpp.o
[ 64%] Building CXX object CMakeFiles/flatc.dir/src/flatc.cpp.o
[ 66%] Building CXX object CMakeFiles/flatc.dir/src/flatc_main.cpp.o
[ 69%] Building CXX object CMakeFiles/flatc.dir/include/codegen/python.cc.o
[ 71%] Building CXX object CMakeFiles/flatc.dir/src/binary_annotator.cpp.o
[ 74%] Building CXX object CMakeFiles/flatc.dir/src/annotated_binary_text_gen.cpp.o
[ 76%] Building CXX object CMakeFiles/flatc.dir/src/bfbs_gen_lua.cpp.o
[ 79%] Building CXX object CMakeFiles/flatc.dir/src/bfbs_gen_nim.cpp.o
[ 82%] Building CXX object CMakeFiles/flatc.dir/src/code_generators.cpp.o
[ 84%] Building CXX object CMakeFiles/flatc.dir/grpc/src/compiler/cpp_generator.cc.o
[ 87%] Building CXX object CMakeFiles/flatc.dir/grpc/src/compiler/go_generator.cc.o
[ 89%] Building CXX object CMakeFiles/flatc.dir/grpc/src/compiler/java_generator.cc.o
[ 92%] Building CXX object CMakeFiles/flatc.dir/grpc/src/compiler/python_generator.cc.o
[ 94%] Building CXX object CMakeFiles/flatc.dir/grpc/src/compiler/swift_generator.cc.o
[ 97%] Building CXX object CMakeFiles/flatc.dir/grpc/src/compiler/ts_generator.cc.o
[100%] Linking CXX executable flatc
[100%] Built target flatc
/private/var/tmp/_bazel_afanasyev/9a39311ceb7a61706aa1e4e247e12702/execroot/_main
INFO: From Executing genrule //submodules/TelegramCore/FlatSerialization:GenerateModels:
++ pwd
+ FLATC=/private/var/tmp/_bazel_afanasyev/9a39311ceb7a61706aa1e4e247e12702/execroot/_main/bazel-out/darwin_arm64-opt-exec-ST-d57f47055a04/bin/third-party/flatc/flatc_bin
+ BUILD_DIR=bazel-out/ios_arm64-dbg-ios-arm64-min13.0-ST-57b073d392e5/bin/submodules/TelegramCore/FlatSerialization/build
+ rm -rf bazel-out/ios_arm64-dbg-ios-arm64-min13.0-ST-57b073d392e5/bin/submodules/TelegramCore/FlatSerialization/build
+ mkdir -p bazel-out/ios_arm64-dbg-ios-arm64-min13.0-ST-57b073d392e5/bin/submodules/TelegramCore/FlatSerialization/build
+ /private/var/tmp/_bazel_afanasyev/9a39311ceb7a61706aa1e4e247e12702/execroot/_main/bazel-out/darwin_arm64-opt-exec-ST-d57f47055a04/bin/third-party/flatc/flatc_bin --require-explicit-ids --swift -o bazel-out/ios_arm64-dbg-ios-arm64-min13.0-ST-57b073d392e5/bin/submodules/TelegramCore/FlatSerialization/build submodules/TelegramCore/FlatSerialization/Models/InstantPage.fbs submodules/TelegramCore/FlatSerialization/Models/InstantPageBlock.fbs submodules/TelegramCore/FlatSerialization/Models/ItemCollectionId.fbs submodules/TelegramCore/FlatSerialization/Models/Media.fbs submodules/TelegramCore/FlatSerialization/Models/MediaId.fbs submodules/TelegramCore/FlatSerialization/Models/MessageId.fbs submodules/TelegramCore/FlatSerialization/Models/Optional.fbs submodules/TelegramCore/FlatSerialization/Models/PartialMediaReference.fbs submodules/TelegramCore/FlatSerialization/Models/PeerAccessRestrictionInfo.fbs submodules/TelegramCore/FlatSerialization/Models/PeerCollectibleColor.fbs submodules/TelegramCore/FlatSerialization/Models/PeerEmojiStatus.fbs submodules/TelegramCore/FlatSerialization/Models/PeerId.fbs submodules/TelegramCore/FlatSerialization/Models/PeerNameColor.fbs submodules/TelegramCore/FlatSerialization/Models/PeerReference.fbs submodules/TelegramCore/FlatSerialization/Models/PixelDimensions.fbs submodules/TelegramCore/FlatSerialization/Models/RichText.fbs submodules/TelegramCore/FlatSerialization/Models/StarsAmount.fbs submodules/TelegramCore/FlatSerialization/Models/StickerPackCollectionInfo.fbs submodules/TelegramCore/FlatSerialization/Models/StickerPackReference.fbs submodules/TelegramCore/FlatSerialization/Models/StoredDeviceContactData.fbs submodules/TelegramCore/FlatSerialization/Models/TelegramChannel.fbs submodules/TelegramCore/FlatSerialization/Models/TelegramChatAdminRights.fbs submodules/TelegramCore/FlatSerialization/Models/TelegramChatBannedRights.fbs submodules/TelegramCore/FlatSerialization/Models/TelegramGroup.fbs submodules/TelegramCore/FlatSerialization/Models/TelegramMediaFile.fbs submodules/TelegramCore/FlatSerialization/Models/TelegramMediaFileAttribute.fbs submodules/TelegramCore/FlatSerialization/Models/TelegramMediaImage.fbs submodules/TelegramCore/FlatSerialization/Models/TelegramMediaImageRepresentation.fbs submodules/TelegramCore/FlatSerialization/Models/TelegramMediaResource.fbs submodules/TelegramCore/FlatSerialization/Models/TelegramPeerAccessHash.fbs submodules/TelegramCore/FlatSerialization/Models/TelegramPeerUsername.fbs submodules/TelegramCore/FlatSerialization/Models/TelegramUser.fbs submodules/TelegramCore/FlatSerialization/Models/VideoThumbnail.fbs

warning:
  /Volumes/dx/dev/_home/MTProxy/Telegram-iOS/submodules/TelegramCore/FlatSerialization/Models/InstantPage.fbs:10: 14: warning: field names should be lowercase snake_case, got: isComplete


warning:
  /Volumes/dx/dev/_home/MTProxy/Telegram-iOS/submodules/TelegramCore/FlatSerialization/Models/InstantPageBlock.fbs:104: 13: warning: field names should be lowercase snake_case, got: webpageId
/Volumes/dx/dev/_home/MTProxy/Telegram-iOS/submodules/TelegramCore/FlatSerialization/Models/InstantPageBlock.fbs:128: 18: warning: field names should be lowercase snake_case, got: stretchToWidth
/Volumes/dx/dev/_home/MTProxy/Telegram-iOS/submodules/TelegramCore/FlatSerialization/Models/InstantPageBlock.fbs:129: 18: warning: field names should be lowercase snake_case, got: allowScrolling
/Volumes/dx/dev/_home/MTProxy/Telegram-iOS/submodules/TelegramCore/FlatSerialization/Models/InstantPageBlock.fbs:130: 11: warning: field names should be lowercase snake_case, got: coverId
/Volumes/dx/dev/_home/MTProxy/Telegram-iOS/submodules/TelegramCore/FlatSerialization/Models/InstantPageBlock.fbs:135: 13: warning: field names should be lowercase snake_case, got: webpageId
/Volumes/dx/dev/_home/MTProxy/Telegram-iOS/submodules/TelegramCore/FlatSerialization/Models/InstantPageBlock.fbs:136: 12: warning: field names should be lowercase snake_case, got: avatarId
/Volumes/dx/dev/_home/MTProxy/Telegram-iOS/submodules/TelegramCore/FlatSerialization/Models/InstantPageBlock.fbs:218: 21: warning: field names should be lowercase snake_case, got: verticalAlignment
/Volumes/dx/dev/_home/MTProxy/Telegram-iOS/submodules/TelegramCore/FlatSerialization/Models/InstantPageBlock.fbs:229: 13: warning: field names should be lowercase snake_case, got: webpageId
/Volumes/dx/dev/_home/MTProxy/Telegram-iOS/submodules/TelegramCore/FlatSerialization/Models/InstantPageBlock.fbs:232: 11: warning: field names should be lowercase snake_case, got: photoId


warning:
  /Volumes/dx/dev/_home/MTProxy/Telegram-iOS/submodules/TelegramCore/FlatSerialization/Models/MessageId.fbs:6: 10: warning: field names should be lowercase snake_case, got: peerId


warning:
  /Volumes/dx/dev/_home/MTProxy/Telegram-iOS/submodules/TelegramCore/FlatSerialization/Models/PartialMediaReference.fbs:11: 13: warning: field names should be lowercase snake_case, got: messageId
/Volumes/dx/dev/_home/MTProxy/Telegram-iOS/submodules/TelegramCore/FlatSerialization/Models/PartialMediaReference.fbs:15: 12: warning: field names should be lowercase snake_case, got: threadId
/Volumes/dx/dev/_home/MTProxy/Telegram-iOS/submodules/TelegramCore/FlatSerialization/Models/PartialMediaReference.fbs:19: 13: warning: field names should be lowercase snake_case, got: webpageId
/Volumes/dx/dev/_home/MTProxy/Telegram-iOS/submodules/TelegramCore/FlatSerialization/Models/PartialMediaReference.fbs:28: 11: warning: field names should be lowercase snake_case, got: webPage
/Volumes/dx/dev/_home/MTProxy/Telegram-iOS/submodules/TelegramCore/FlatSerialization/Models/PartialMediaReference.fbs:32: 15: warning: field names should be lowercase snake_case, got: stickerPack


warning:
  /Volumes/dx/dev/_home/MTProxy/Telegram-iOS/submodules/TelegramCore/FlatSerialization/Models/PeerCollectibleColor.fbs:4: 15: warning: field names should be lowercase snake_case, got: collectibleId
/Volumes/dx/dev/_home/MTProxy/Telegram-iOS/submodules/TelegramCore/FlatSerialization/Models/PeerCollectibleColor.fbs:5: 17: warning: field names should be lowercase snake_case, got: giftEmojiFileId
/Volumes/dx/dev/_home/MTProxy/Telegram-iOS/submodules/TelegramCore/FlatSerialization/Models/PeerCollectibleColor.fbs:6: 19: warning: field names should be lowercase snake_case, got: backgroundEmojiId
/Volumes/dx/dev/_home/MTProxy/Telegram-iOS/submodules/TelegramCore/FlatSerialization/Models/PeerCollectibleColor.fbs:7: 13: warning: field names should be lowercase snake_case, got: accentColor
/Volumes/dx/dev/_home/MTProxy/Telegram-iOS/submodules/TelegramCore/FlatSerialization/Models/PeerCollectibleColor.fbs:9: 17: warning: field names should be lowercase snake_case, got: darkAccentColor
/Volumes/dx/dev/_home/MTProxy/Telegram-iOS/submodules/TelegramCore/FlatSerialization/Models/PeerCollectibleColor.fbs:10: 12: warning: field names should be lowercase snake_case, got: darkColors


warning:
  /Volumes/dx/dev/_home/MTProxy/Telegram-iOS/submodules/TelegramCore/FlatSerialization/Models/PeerEmojiStatus.fbs:4: 10: warning: field names should be lowercase snake_case, got: fileId
/Volumes/dx/dev/_home/MTProxy/Telegram-iOS/submodules/TelegramCore/FlatSerialization/Models/PeerEmojiStatus.fbs:9: 10: warning: field names should be lowercase snake_case, got: fileId
/Volumes/dx/dev/_home/MTProxy/Telegram-iOS/submodules/TelegramCore/FlatSerialization/Models/PeerEmojiStatus.fbs:12: 17: warning: field names should be lowercase snake_case, got: patternFileId
/Volumes/dx/dev/_home/MTProxy/Telegram-iOS/submodules/TelegramCore/FlatSerialization/Models/PeerEmojiStatus.fbs:13: 14: warning: field names should be lowercase snake_case, got: innerColor
/Volumes/dx/dev/_home/MTProxy/Telegram-iOS/submodules/TelegramCore/FlatSerialization/Models/PeerEmojiStatus.fbs:14: 14: warning: field names should be lowercase snake_case, got: outerColor
/Volumes/dx/dev/_home/MTProxy/Telegram-iOS/submodules/TelegramCore/FlatSerialization/Models/PeerEmojiStatus.fbs:15: 16: warning: field names should be lowercase snake_case, got: patternColor
/Volumes/dx/dev/_home/MTProxy/Telegram-iOS/submodules/TelegramCore/FlatSerialization/Models/PeerEmojiStatus.fbs:16: 13: warning: field names should be lowercase snake_case, got: textColor
/Volumes/dx/dev/_home/MTProxy/Telegram-iOS/submodules/TelegramCore/FlatSerialization/Models/PeerEmojiStatus.fbs:30: 18: warning: field names should be lowercase snake_case, got: expirationDate


warning:
  /Volumes/dx/dev/_home/MTProxy/Telegram-iOS/submodules/TelegramCore/FlatSerialization/Models/PeerReference.fbs:5: 14: warning: field names should be lowercase snake_case, got: accessHash
/Volumes/dx/dev/_home/MTProxy/Telegram-iOS/submodules/TelegramCore/FlatSerialization/Models/PeerReference.fbs:14: 14: warning: field names should be lowercase snake_case, got: accessHash


warning:
  /Volumes/dx/dev/_home/MTProxy/Telegram-iOS/submodules/TelegramCore/FlatSerialization/Models/RichText.fbs:58: 13: warning: field names should be lowercase snake_case, got: webpageId


warning:
  /Volumes/dx/dev/_home/MTProxy/Telegram-iOS/submodules/TelegramCore/FlatSerialization/Models/StickerPackCollectionInfo.fbs:9: 14: warning: field names should be lowercase snake_case, got: accessHash
/Volumes/dx/dev/_home/MTProxy/Telegram-iOS/submodules/TelegramCore/FlatSerialization/Models/StickerPackCollectionInfo.fbs:11: 13: warning: field names should be lowercase snake_case, got: shortName
/Volumes/dx/dev/_home/MTProxy/Telegram-iOS/submodules/TelegramCore/FlatSerialization/Models/StickerPackCollectionInfo.fbs:13: 19: warning: field names should be lowercase snake_case, got: thumbnailFileId
/Volumes/dx/dev/_home/MTProxy/Telegram-iOS/submodules/TelegramCore/FlatSerialization/Models/StickerPackCollectionInfo.fbs:14: 26: warning: field names should be lowercase snake_case, got: immediateThumbnailData


warning:
  /Volumes/dx/dev/_home/MTProxy/Telegram-iOS/submodules/TelegramCore/FlatSerialization/Models/StickerPackReference.fbs:5: 14: warning: field names should be lowercase snake_case, got: accessHash


warning:
  /Volumes/dx/dev/_home/MTProxy/Telegram-iOS/submodules/TelegramCore/FlatSerialization/Models/StoredDeviceContactData.fbs:9: 13: warning: field names should be lowercase snake_case, got: firstName
/Volumes/dx/dev/_home/MTProxy/Telegram-iOS/submodules/TelegramCore/FlatSerialization/Models/StoredDeviceContactData.fbs:10: 12: warning: field names should be lowercase snake_case, got: lastName
/Volumes/dx/dev/_home/MTProxy/Telegram-iOS/submodules/TelegramCore/FlatSerialization/Models/StoredDeviceContactData.fbs:11: 16: warning: field names should be lowercase snake_case, got: phoneNumbers


warning:
  /Volumes/dx/dev/_home/MTProxy/Telegram-iOS/submodules/TelegramCore/FlatSerialization/Models/TelegramChannel.fbs:34: 14: warning: field names should be lowercase snake_case, got: accessHash
/Volumes/dx/dev/_home/MTProxy/Telegram-iOS/submodules/TelegramCore/FlatSerialization/Models/TelegramChannel.fbs:38: 16: warning: field names should be lowercase snake_case, got: creationDate
/Volumes/dx/dev/_home/MTProxy/Telegram-iOS/submodules/TelegramCore/FlatSerialization/Models/TelegramChannel.fbs:40: 23: warning: field names should be lowercase snake_case, got: participationStatus
/Volumes/dx/dev/_home/MTProxy/Telegram-iOS/submodules/TelegramCore/FlatSerialization/Models/TelegramChannel.fbs:43: 19: warning: field names should be lowercase snake_case, got: restrictionInfo
/Volumes/dx/dev/_home/MTProxy/Telegram-iOS/submodules/TelegramCore/FlatSerialization/Models/TelegramChannel.fbs:44: 15: warning: field names should be lowercase snake_case, got: adminRights
/Volumes/dx/dev/_home/MTProxy/Telegram-iOS/submodules/TelegramCore/FlatSerialization/Models/TelegramChannel.fbs:45: 16: warning: field names should be lowercase snake_case, got: bannedRights
/Volumes/dx/dev/_home/MTProxy/Telegram-iOS/submodules/TelegramCore/FlatSerialization/Models/TelegramChannel.fbs:46: 23: warning: field names should be lowercase snake_case, got: defaultBannedRights
/Volumes/dx/dev/_home/MTProxy/Telegram-iOS/submodules/TelegramCore/FlatSerialization/Models/TelegramChannel.fbs:48: 17: warning: field names should be lowercase snake_case, got: storiesHidden
/Volumes/dx/dev/_home/MTProxy/Telegram-iOS/submodules/TelegramCore/FlatSerialization/Models/TelegramChannel.fbs:49: 13: warning: field names should be lowercase snake_case, got: nameColor
/Volumes/dx/dev/_home/MTProxy/Telegram-iOS/submodules/TelegramCore/FlatSerialization/Models/TelegramChannel.fbs:50: 21: warning: field names should be lowercase snake_case, got: backgroundEmojiId
/Volumes/dx/dev/_home/MTProxy/Telegram-iOS/submodules/TelegramCore/FlatSerialization/Models/TelegramChannel.fbs:51: 16: warning: field names should be lowercase snake_case, got: profileColor
/Volumes/dx/dev/_home/MTProxy/Telegram-iOS/submodules/TelegramCore/FlatSerialization/Models/TelegramChannel.fbs:52: 28: warning: field names should be lowercase snake_case, got: profileBackgroundEmojiId
/Volumes/dx/dev/_home/MTProxy/Telegram-iOS/submodules/TelegramCore/FlatSerialization/Models/TelegramChannel.fbs:53: 15: warning: field names should be lowercase snake_case, got: emojiStatus
/Volumes/dx/dev/_home/MTProxy/Telegram-iOS/submodules/TelegramCore/FlatSerialization/Models/TelegramChannel.fbs:54: 25: warning: field names should be lowercase snake_case, got: approximateBoostLevel
/Volumes/dx/dev/_home/MTProxy/Telegram-iOS/submodules/TelegramCore/FlatSerialization/Models/TelegramChannel.fbs:55: 25: warning: field names should be lowercase snake_case, got: subscriptionUntilDate
/Volumes/dx/dev/_home/MTProxy/Telegram-iOS/submodules/TelegramCore/FlatSerialization/Models/TelegramChannel.fbs:56: 26: warning: field names should be lowercase snake_case, got: verificationIconFileId
/Volumes/dx/dev/_home/MTProxy/Telegram-iOS/submodules/TelegramCore/FlatSerialization/Models/TelegramChannel.fbs:57: 24: warning: field names should be lowercase snake_case, got: sendPaidMessageStars
/Volumes/dx/dev/_home/MTProxy/Telegram-iOS/submodules/TelegramCore/FlatSerialization/Models/TelegramChannel.fbs:58: 21: warning: field names should be lowercase snake_case, got: linkedMonoforumId
/Volumes/dx/dev/_home/MTProxy/Telegram-iOS/submodules/TelegramCore/FlatSerialization/Models/TelegramChannel.fbs:59: 15: warning: field names should be lowercase snake_case, got: linkedBotId


warning:
  /Volumes/dx/dev/_home/MTProxy/Telegram-iOS/submodules/TelegramCore/FlatSerialization/Models/TelegramChatBannedRights.fbs:5: 13: warning: field names should be lowercase snake_case, got: untilDate


warning:
  /Volumes/dx/dev/_home/MTProxy/Telegram-iOS/submodules/TelegramCore/FlatSerialization/Models/TelegramGroup.fbs:30: 10: warning: field names should be lowercase snake_case, got: peerId
/Volumes/dx/dev/_home/MTProxy/Telegram-iOS/submodules/TelegramCore/FlatSerialization/Models/TelegramGroup.fbs:31: 14: warning: field names should be lowercase snake_case, got: accessHash
/Volumes/dx/dev/_home/MTProxy/Telegram-iOS/submodules/TelegramCore/FlatSerialization/Models/TelegramGroup.fbs:38: 20: warning: field names should be lowercase snake_case, got: participantCount
/Volumes/dx/dev/_home/MTProxy/Telegram-iOS/submodules/TelegramCore/FlatSerialization/Models/TelegramGroup.fbs:42: 23: warning: field names should be lowercase snake_case, got: defaultBannedRights
/Volumes/dx/dev/_home/MTProxy/Telegram-iOS/submodules/TelegramCore/FlatSerialization/Models/TelegramGroup.fbs:43: 22: warning: field names should be lowercase snake_case, got: migrationReference
/Volumes/dx/dev/_home/MTProxy/Telegram-iOS/submodules/TelegramCore/FlatSerialization/Models/TelegramGroup.fbs:44: 16: warning: field names should be lowercase snake_case, got: creationDate


warning:
  /Volumes/dx/dev/_home/MTProxy/Telegram-iOS/submodules/TelegramCore/FlatSerialization/Models/TelegramMediaFile.fbs:12: 10: warning: field names should be lowercase snake_case, got: fileId
/Volumes/dx/dev/_home/MTProxy/Telegram-iOS/submodules/TelegramCore/FlatSerialization/Models/TelegramMediaFile.fbs:13: 20: warning: field names should be lowercase snake_case, got: partialReference
/Volumes/dx/dev/_home/MTProxy/Telegram-iOS/submodules/TelegramCore/FlatSerialization/Models/TelegramMediaFile.fbs:15: 26: warning: field names should be lowercase snake_case, got: previewRepresentations
/Volumes/dx/dev/_home/MTProxy/Telegram-iOS/submodules/TelegramCore/FlatSerialization/Models/TelegramMediaFile.fbs:16: 19: warning: field names should be lowercase snake_case, got: videoThumbnails
/Volumes/dx/dev/_home/MTProxy/Telegram-iOS/submodules/TelegramCore/FlatSerialization/Models/TelegramMediaFile.fbs:17: 14: warning: field names should be lowercase snake_case, got: videoCover
/Volumes/dx/dev/_home/MTProxy/Telegram-iOS/submodules/TelegramCore/FlatSerialization/Models/TelegramMediaFile.fbs:18: 26: warning: field names should be lowercase snake_case, got: immediateThumbnailData
/Volumes/dx/dev/_home/MTProxy/Telegram-iOS/submodules/TelegramCore/FlatSerialization/Models/TelegramMediaFile.fbs:19: 12: warning: field names should be lowercase snake_case, got: mimeType
/Volumes/dx/dev/_home/MTProxy/Telegram-iOS/submodules/TelegramCore/FlatSerialization/Models/TelegramMediaFile.fbs:22: 30: warning: field names should be lowercase snake_case, got: alternativeRepresentations


warning:
  /Volumes/dx/dev/_home/MTProxy/Telegram-iOS/submodules/TelegramCore/FlatSerialization/Models/TelegramMediaFileAttribute.fbs:6: 12: warning: field names should be lowercase snake_case, got: fileName
/Volumes/dx/dev/_home/MTProxy/Telegram-iOS/submodules/TelegramCore/FlatSerialization/Models/TelegramMediaFileAttribute.fbs:17: 15: warning: field names should be lowercase snake_case, got: displayText
/Volumes/dx/dev/_home/MTProxy/Telegram-iOS/submodules/TelegramCore/FlatSerialization/Models/TelegramMediaFileAttribute.fbs:18: 17: warning: field names should be lowercase snake_case, got: packReference
/Volumes/dx/dev/_home/MTProxy/Telegram-iOS/submodules/TelegramCore/FlatSerialization/Models/TelegramMediaFileAttribute.fbs:19: 12: warning: field names should be lowercase snake_case, got: maskData
/Volumes/dx/dev/_home/MTProxy/Telegram-iOS/submodules/TelegramCore/FlatSerialization/Models/TelegramMediaFileAttribute.fbs:35: 15: warning: field names should be lowercase snake_case, got: preloadSize
/Volumes/dx/dev/_home/MTProxy/Telegram-iOS/submodules/TelegramCore/FlatSerialization/Models/TelegramMediaFileAttribute.fbs:36: 13: warning: field names should be lowercase snake_case, got: coverTime
/Volumes/dx/dev/_home/MTProxy/Telegram-iOS/submodules/TelegramCore/FlatSerialization/Models/TelegramMediaFileAttribute.fbs:37: 14: warning: field names should be lowercase snake_case, got: videoCodec
/Volumes/dx/dev/_home/MTProxy/Telegram-iOS/submodules/TelegramCore/FlatSerialization/Models/TelegramMediaFileAttribute.fbs:41: 11: warning: field names should be lowercase snake_case, got: isVoice
/Volumes/dx/dev/_home/MTProxy/Telegram-iOS/submodules/TelegramCore/FlatSerialization/Models/TelegramMediaFileAttribute.fbs:61: 13: warning: field names should be lowercase snake_case, got: isPremium
/Volumes/dx/dev/_home/MTProxy/Telegram-iOS/submodules/TelegramCore/FlatSerialization/Models/TelegramMediaFileAttribute.fbs:62: 17: warning: field names should be lowercase snake_case, got: isSingleColor
/Volumes/dx/dev/_home/MTProxy/Telegram-iOS/submodules/TelegramCore/FlatSerialization/Models/TelegramMediaFileAttribute.fbs:64: 17: warning: field names should be lowercase snake_case, got: packReference


warning:
  /Volumes/dx/dev/_home/MTProxy/Telegram-iOS/submodules/TelegramCore/FlatSerialization/Models/TelegramMediaImage.fbs:10: 11: warning: field names should be lowercase snake_case, got: imageId
/Volumes/dx/dev/_home/MTProxy/Telegram-iOS/submodules/TelegramCore/FlatSerialization/Models/TelegramMediaImage.fbs:11: 14: warning: field names should be lowercase snake_case, got: accessHash
/Volumes/dx/dev/_home/MTProxy/Telegram-iOS/submodules/TelegramCore/FlatSerialization/Models/TelegramMediaImage.fbs:12: 17: warning: field names should be lowercase snake_case, got: fileReference
/Volumes/dx/dev/_home/MTProxy/Telegram-iOS/submodules/TelegramCore/FlatSerialization/Models/TelegramMediaImage.fbs:19: 18: warning: field names should be lowercase snake_case, got: startTimestamp
/Volumes/dx/dev/_home/MTProxy/Telegram-iOS/submodules/TelegramCore/FlatSerialization/Models/TelegramMediaImage.fbs:23: 10: warning: field names should be lowercase snake_case, got: fileId
/Volumes/dx/dev/_home/MTProxy/Telegram-iOS/submodules/TelegramCore/FlatSerialization/Models/TelegramMediaImage.fbs:27: 17: warning: field names should be lowercase snake_case, got: packReference
/Volumes/dx/dev/_home/MTProxy/Telegram-iOS/submodules/TelegramCore/FlatSerialization/Models/TelegramMediaImage.fbs:28: 10: warning: field names should be lowercase snake_case, got: fileId
/Volumes/dx/dev/_home/MTProxy/Telegram-iOS/submodules/TelegramCore/FlatSerialization/Models/TelegramMediaImage.fbs:38: 20: warning: field names should be lowercase snake_case, got: backgroundColors
/Volumes/dx/dev/_home/MTProxy/Telegram-iOS/submodules/TelegramCore/FlatSerialization/Models/TelegramMediaImage.fbs:42: 11: warning: field names should be lowercase snake_case, got: imageId
/Volumes/dx/dev/_home/MTProxy/Telegram-iOS/submodules/TelegramCore/FlatSerialization/Models/TelegramMediaImage.fbs:44: 24: warning: field names should be lowercase snake_case, got: videoRepresentations
/Volumes/dx/dev/_home/MTProxy/Telegram-iOS/submodules/TelegramCore/FlatSerialization/Models/TelegramMediaImage.fbs:45: 26: warning: field names should be lowercase snake_case, got: immediateThumbnailData
/Volumes/dx/dev/_home/MTProxy/Telegram-iOS/submodules/TelegramCore/FlatSerialization/Models/TelegramMediaImage.fbs:46: 15: warning: field names should be lowercase snake_case, got: emojiMarkup
/Volumes/dx/dev/_home/MTProxy/Telegram-iOS/submodules/TelegramCore/FlatSerialization/Models/TelegramMediaImage.fbs:48: 20: warning: field names should be lowercase snake_case, got: partialReference


warning:
  /Volumes/dx/dev/_home/MTProxy/Telegram-iOS/submodules/TelegramCore/FlatSerialization/Models/TelegramMediaImageRepresentation.fbs:15: 20: warning: field names should be lowercase snake_case, got: progressiveSizes
/Volumes/dx/dev/_home/MTProxy/Telegram-iOS/submodules/TelegramCore/FlatSerialization/Models/TelegramMediaImageRepresentation.fbs:16: 26: warning: field names should be lowercase snake_case, got: immediateThumbnailData
/Volumes/dx/dev/_home/MTProxy/Telegram-iOS/submodules/TelegramCore/FlatSerialization/Models/TelegramMediaImageRepresentation.fbs:17: 12: warning: field names should be lowercase snake_case, got: hasVideo
/Volumes/dx/dev/_home/MTProxy/Telegram-iOS/submodules/TelegramCore/FlatSerialization/Models/TelegramMediaImageRepresentation.fbs:18: 14: warning: field names should be lowercase snake_case, got: isPersonal
/Volumes/dx/dev/_home/MTProxy/Telegram-iOS/submodules/TelegramCore/FlatSerialization/Models/TelegramMediaImageRepresentation.fbs:19: 12: warning: field names should be lowercase snake_case, got: typeHint


warning:
  /Volumes/dx/dev/_home/MTProxy/Telegram-iOS/submodules/TelegramCore/FlatSerialization/Models/TelegramMediaResource.fbs:4: 16: warning: field names should be lowercase snake_case, got: datacenterId
/Volumes/dx/dev/_home/MTProxy/Telegram-iOS/submodules/TelegramCore/FlatSerialization/Models/TelegramMediaResource.fbs:5: 12: warning: field names should be lowercase snake_case, got: volumeId
/Volumes/dx/dev/_home/MTProxy/Telegram-iOS/submodules/TelegramCore/FlatSerialization/Models/TelegramMediaResource.fbs:6: 11: warning: field names should be lowercase snake_case, got: localId
/Volumes/dx/dev/_home/MTProxy/Telegram-iOS/submodules/TelegramCore/FlatSerialization/Models/TelegramMediaResource.fbs:9: 17: warning: field names should be lowercase snake_case, got: fileReference
/Volumes/dx/dev/_home/MTProxy/Telegram-iOS/submodules/TelegramCore/FlatSerialization/Models/TelegramMediaResource.fbs:13: 16: warning: field names should be lowercase snake_case, got: datacenterId
/Volumes/dx/dev/_home/MTProxy/Telegram-iOS/submodules/TelegramCore/FlatSerialization/Models/TelegramMediaResource.fbs:14: 14: warning: field names should be lowercase snake_case, got: documentId
/Volumes/dx/dev/_home/MTProxy/Telegram-iOS/submodules/TelegramCore/FlatSerialization/Models/TelegramMediaResource.fbs:15: 14: warning: field names should be lowercase snake_case, got: accessHash
/Volumes/dx/dev/_home/MTProxy/Telegram-iOS/submodules/TelegramCore/FlatSerialization/Models/TelegramMediaResource.fbs:16: 12: warning: field names should be lowercase snake_case, got: sizeSpec
/Volumes/dx/dev/_home/MTProxy/Telegram-iOS/submodules/TelegramCore/FlatSerialization/Models/TelegramMediaResource.fbs:17: 17: warning: field names should be lowercase snake_case, got: fileReference
/Volumes/dx/dev/_home/MTProxy/Telegram-iOS/submodules/TelegramCore/FlatSerialization/Models/TelegramMediaResource.fbs:21: 16: warning: field names should be lowercase snake_case, got: datacenterId
/Volumes/dx/dev/_home/MTProxy/Telegram-iOS/submodules/TelegramCore/FlatSerialization/Models/TelegramMediaResource.fbs:22: 11: warning: field names should be lowercase snake_case, got: photoId
/Volumes/dx/dev/_home/MTProxy/Telegram-iOS/submodules/TelegramCore/FlatSerialization/Models/TelegramMediaResource.fbs:23: 14: warning: field names should be lowercase snake_case, got: accessHash
/Volumes/dx/dev/_home/MTProxy/Telegram-iOS/submodules/TelegramCore/FlatSerialization/Models/TelegramMediaResource.fbs:24: 12: warning: field names should be lowercase snake_case, got: sizeSpec
/Volumes/dx/dev/_home/MTProxy/Telegram-iOS/submodules/TelegramCore/FlatSerialization/Models/TelegramMediaResource.fbs:26: 17: warning: field names should be lowercase snake_case, got: fileReference
/Volumes/dx/dev/_home/MTProxy/Telegram-iOS/submodules/TelegramCore/FlatSerialization/Models/TelegramMediaResource.fbs:35: 16: warning: field names should be lowercase snake_case, got: datacenterId
/Volumes/dx/dev/_home/MTProxy/Telegram-iOS/submodules/TelegramCore/FlatSerialization/Models/TelegramMediaResource.fbs:36: 11: warning: field names should be lowercase snake_case, got: photoId
/Volumes/dx/dev/_home/MTProxy/Telegram-iOS/submodules/TelegramCore/FlatSerialization/Models/TelegramMediaResource.fbs:37: 12: warning: field names should be lowercase snake_case, got: sizeSpec
/Volumes/dx/dev/_home/MTProxy/Telegram-iOS/submodules/TelegramCore/FlatSerialization/Models/TelegramMediaResource.fbs:38: 12: warning: field names should be lowercase snake_case, got: volumeId
/Volumes/dx/dev/_home/MTProxy/Telegram-iOS/submodules/TelegramCore/FlatSerialization/Models/TelegramMediaResource.fbs:39: 11: warning: field names should be lowercase snake_case, got: localId
/Volumes/dx/dev/_home/MTProxy/Telegram-iOS/submodules/TelegramCore/FlatSerialization/Models/TelegramMediaResource.fbs:43: 16: warning: field names should be lowercase snake_case, got: datacenterId
/Volumes/dx/dev/_home/MTProxy/Telegram-iOS/submodules/TelegramCore/FlatSerialization/Models/TelegramMediaResource.fbs:44: 16: warning: field names should be lowercase snake_case, got: thumbVersion
/Volumes/dx/dev/_home/MTProxy/Telegram-iOS/submodules/TelegramCore/FlatSerialization/Models/TelegramMediaResource.fbs:45: 12: warning: field names should be lowercase snake_case, got: volumeId
/Volumes/dx/dev/_home/MTProxy/Telegram-iOS/submodules/TelegramCore/FlatSerialization/Models/TelegramMediaResource.fbs:46: 11: warning: field names should be lowercase snake_case, got: localId
/Volumes/dx/dev/_home/MTProxy/Telegram-iOS/submodules/TelegramCore/FlatSerialization/Models/TelegramMediaResource.fbs:50: 16: warning: field names should be lowercase snake_case, got: datacenterId
/Volumes/dx/dev/_home/MTProxy/Telegram-iOS/submodules/TelegramCore/FlatSerialization/Models/TelegramMediaResource.fbs:51: 10: warning: field names should be lowercase snake_case, got: fileId
/Volumes/dx/dev/_home/MTProxy/Telegram-iOS/submodules/TelegramCore/FlatSerialization/Models/TelegramMediaResource.fbs:52: 14: warning: field names should be lowercase snake_case, got: accessHash
/Volumes/dx/dev/_home/MTProxy/Telegram-iOS/submodules/TelegramCore/FlatSerialization/Models/TelegramMediaResource.fbs:54: 17: warning: field names should be lowercase snake_case, got: fileReference
/Volumes/dx/dev/_home/MTProxy/Telegram-iOS/submodules/TelegramCore/FlatSerialization/Models/TelegramMediaResource.fbs:55: 12: warning: field names should be lowercase snake_case, got: fileName
/Volumes/dx/dev/_home/MTProxy/Telegram-iOS/submodules/TelegramCore/FlatSerialization/Models/TelegramMediaResource.fbs:59: 10: warning: field names should be lowercase snake_case, got: fileId
/Volumes/dx/dev/_home/MTProxy/Telegram-iOS/submodules/TelegramCore/FlatSerialization/Models/TelegramMediaResource.fbs:61: 19: warning: field names should be lowercase snake_case, got: isSecretRelated


warning:
  /Volumes/dx/dev/_home/MTProxy/Telegram-iOS/submodules/TelegramCore/FlatSerialization/Models/TelegramPeerAccessHash.fbs:4: 14: warning: field names should be lowercase snake_case, got: accessHash
/Volumes/dx/dev/_home/MTProxy/Telegram-iOS/submodules/TelegramCore/FlatSerialization/Models/TelegramPeerAccessHash.fbs:8: 14: warning: field names should be lowercase snake_case, got: accessHash


warning:
  /Volumes/dx/dev/_home/MTProxy/Telegram-iOS/submodules/TelegramCore/FlatSerialization/Models/TelegramUser.fbs:16: 21: warning: field names should be lowercase snake_case, got: inlinePlaceholder
/Volumes/dx/dev/_home/MTProxy/Telegram-iOS/submodules/TelegramCore/FlatSerialization/Models/TelegramUser.fbs:21: 14: warning: field names should be lowercase snake_case, got: accessHash
/Volumes/dx/dev/_home/MTProxy/Telegram-iOS/submodules/TelegramCore/FlatSerialization/Models/TelegramUser.fbs:22: 13: warning: field names should be lowercase snake_case, got: firstName
/Volumes/dx/dev/_home/MTProxy/Telegram-iOS/submodules/TelegramCore/FlatSerialization/Models/TelegramUser.fbs:23: 12: warning: field names should be lowercase snake_case, got: lastName
/Volumes/dx/dev/_home/MTProxy/Telegram-iOS/submodules/TelegramCore/FlatSerialization/Models/TelegramUser.fbs:27: 11: warning: field names should be lowercase snake_case, got: botInfo
/Volumes/dx/dev/_home/MTProxy/Telegram-iOS/submodules/TelegramCore/FlatSerialization/Models/TelegramUser.fbs:28: 19: warning: field names should be lowercase snake_case, got: restrictionInfo
/Volumes/dx/dev/_home/MTProxy/Telegram-iOS/submodules/TelegramCore/FlatSerialization/Models/TelegramUser.fbs:30: 15: warning: field names should be lowercase snake_case, got: emojiStatus
/Volumes/dx/dev/_home/MTProxy/Telegram-iOS/submodules/TelegramCore/FlatSerialization/Models/TelegramUser.fbs:32: 17: warning: field names should be lowercase snake_case, got: storiesHidden
/Volumes/dx/dev/_home/MTProxy/Telegram-iOS/submodules/TelegramCore/FlatSerialization/Models/TelegramUser.fbs:33: 13: warning: field names should be lowercase snake_case, got: nameColor
/Volumes/dx/dev/_home/MTProxy/Telegram-iOS/submodules/TelegramCore/FlatSerialization/Models/TelegramUser.fbs:34: 21: warning: field names should be lowercase snake_case, got: backgroundEmojiId
/Volumes/dx/dev/_home/MTProxy/Telegram-iOS/submodules/TelegramCore/FlatSerialization/Models/TelegramUser.fbs:35: 16: warning: field names should be lowercase snake_case, got: profileColor
/Volumes/dx/dev/_home/MTProxy/Telegram-iOS/submodules/TelegramCore/FlatSerialization/Models/TelegramUser.fbs:36: 28: warning: field names should be lowercase snake_case, got: profileBackgroundEmojiId
/Volumes/dx/dev/_home/MTProxy/Telegram-iOS/submodules/TelegramCore/FlatSerialization/Models/TelegramUser.fbs:37: 19: warning: field names should be lowercase snake_case, got: subscriberCount
/Volumes/dx/dev/_home/MTProxy/Telegram-iOS/submodules/TelegramCore/FlatSerialization/Models/TelegramUser.fbs:38: 26: warning: field names should be lowercase snake_case, got: verificationIconFileId
/Volumes/dx/dev/_home/MTProxy/Telegram-iOS/submodules/TelegramCore/FlatSerialization/Models/TelegramUser.fbs:39: 20: warning: field names should be lowercase snake_case, got: collectibleColor

+ cp bazel-out/ios_arm64-dbg-ios-arm64-min13.0-ST-57b073d392e5/bin/submodules/TelegramCore/FlatSerialization/build/InstantPage_generated.swift bazel-out/ios_arm64-dbg-ios-arm64-min13.0-ST-57b073d392e5/bin/submodules/TelegramCore/FlatSerialization/InstantPage_generated.swift
+ cp bazel-out/ios_arm64-dbg-ios-arm64-min13.0-ST-57b073d392e5/bin/submodules/TelegramCore/FlatSerialization/build/InstantPageBlock_generated.swift bazel-out/ios_arm64-dbg-ios-arm64-min13.0-ST-57b073d392e5/bin/submodules/TelegramCore/FlatSerialization/InstantPageBlock_generated.swift
+ cp bazel-out/ios_arm64-dbg-ios-arm64-min13.0-ST-57b073d392e5/bin/submodules/TelegramCore/FlatSerialization/build/ItemCollectionId_generated.swift bazel-out/ios_arm64-dbg-ios-arm64-min13.0-ST-57b073d392e5/bin/submodules/TelegramCore/FlatSerialization/ItemCollectionId_generated.swift
+ cp bazel-out/ios_arm64-dbg-ios-arm64-min13.0-ST-57b073d392e5/bin/submodules/TelegramCore/FlatSerialization/build/Media_generated.swift bazel-out/ios_arm64-dbg-ios-arm64-min13.0-ST-57b073d392e5/bin/submodules/TelegramCore/FlatSerialization/Media_generated.swift
+ cp bazel-out/ios_arm64-dbg-ios-arm64-min13.0-ST-57b073d392e5/bin/submodules/TelegramCore/FlatSerialization/build/MediaId_generated.swift bazel-out/ios_arm64-dbg-ios-arm64-min13.0-ST-57b073d392e5/bin/submodules/TelegramCore/FlatSerialization/MediaId_generated.swift
+ cp bazel-out/ios_arm64-dbg-ios-arm64-min13.0-ST-57b073d392e5/bin/submodules/TelegramCore/FlatSerialization/build/MessageId_generated.swift bazel-out/ios_arm64-dbg-ios-arm64-min13.0-ST-57b073d392e5/bin/submodules/TelegramCore/FlatSerialization/MessageId_generated.swift
+ cp bazel-out/ios_arm64-dbg-ios-arm64-min13.0-ST-57b073d392e5/bin/submodules/TelegramCore/FlatSerialization/build/Optional_generated.swift bazel-out/ios_arm64-dbg-ios-arm64-min13.0-ST-57b073d392e5/bin/submodules/TelegramCore/FlatSerialization/Optional_generated.swift
+ cp bazel-out/ios_arm64-dbg-ios-arm64-min13.0-ST-57b073d392e5/bin/submodules/TelegramCore/FlatSerialization/build/PartialMediaReference_generated.swift bazel-out/ios_arm64-dbg-ios-arm64-min13.0-ST-57b073d392e5/bin/submodules/TelegramCore/FlatSerialization/PartialMediaReference_generated.swift
+ cp bazel-out/ios_arm64-dbg-ios-arm64-min13.0-ST-57b073d392e5/bin/submodules/TelegramCore/FlatSerialization/build/PeerAccessRestrictionInfo_generated.swift bazel-out/ios_arm64-dbg-ios-arm64-min13.0-ST-57b073d392e5/bin/submodules/TelegramCore/FlatSerialization/PeerAccessRestrictionInfo_generated.swift
+ cp bazel-out/ios_arm64-dbg-ios-arm64-min13.0-ST-57b073d392e5/bin/submodules/TelegramCore/FlatSerialization/build/PeerCollectibleColor_generated.swift bazel-out/ios_arm64-dbg-ios-arm64-min13.0-ST-57b073d392e5/bin/submodules/TelegramCore/FlatSerialization/PeerCollectibleColor_generated.swift
+ cp bazel-out/ios_arm64-dbg-ios-arm64-min13.0-ST-57b073d392e5/bin/submodules/TelegramCore/FlatSerialization/build/PeerEmojiStatus_generated.swift bazel-out/ios_arm64-dbg-ios-arm64-min13.0-ST-57b073d392e5/bin/submodules/TelegramCore/FlatSerialization/PeerEmojiStatus_generated.swift
+ cp bazel-out/ios_arm64-dbg-ios-arm64-min13.0-ST-57b073d392e5/bin/submodules/TelegramCore/FlatSerialization/build/PeerId_generated.swift bazel-out/ios_arm64-dbg-ios-arm64-min13.0-ST-57b073d392e5/bin/submodules/TelegramCore/FlatSerialization/PeerId_generated.swift
+ cp bazel-out/ios_arm64-dbg-ios-arm64-min13.0-ST-57b073d392e5/bin/submodules/TelegramCore/FlatSerialization/build/PeerNameColor_generated.swift bazel-out/ios_arm64-dbg-ios-arm64-min13.0-ST-57b073d392e5/bin/submodules/TelegramCore/FlatSerialization/PeerNameColor_generated.swift
+ cp bazel-out/ios_arm64-dbg-ios-arm64-min13.0-ST-57b073d392e5/bin/submodules/TelegramCore/FlatSerialization/build/PeerReference_generated.swift bazel-out/ios_arm64-dbg-ios-arm64-min13.0-ST-57b073d392e5/bin/submodules/TelegramCore/FlatSerialization/PeerReference_generated.swift
+ cp bazel-out/ios_arm64-dbg-ios-arm64-min13.0-ST-57b073d392e5/bin/submodules/TelegramCore/FlatSerialization/build/PixelDimensions_generated.swift bazel-out/ios_arm64-dbg-ios-arm64-min13.0-ST-57b073d392e5/bin/submodules/TelegramCore/FlatSerialization/PixelDimensions_generated.swift
+ cp bazel-out/ios_arm64-dbg-ios-arm64-min13.0-ST-57b073d392e5/bin/submodules/TelegramCore/FlatSerialization/build/RichText_generated.swift bazel-out/ios_arm64-dbg-ios-arm64-min13.0-ST-57b073d392e5/bin/submodules/TelegramCore/FlatSerialization/RichText_generated.swift
+ cp bazel-out/ios_arm64-dbg-ios-arm64-min13.0-ST-57b073d392e5/bin/submodules/TelegramCore/FlatSerialization/build/StarsAmount_generated.swift bazel-out/ios_arm64-dbg-ios-arm64-min13.0-ST-57b073d392e5/bin/submodules/TelegramCore/FlatSerialization/StarsAmount_generated.swift
+ cp bazel-out/ios_arm64-dbg-ios-arm64-min13.0-ST-57b073d392e5/bin/submodules/TelegramCore/FlatSerialization/build/StickerPackCollectionInfo_generated.swift bazel-out/ios_arm64-dbg-ios-arm64-min13.0-ST-57b073d392e5/bin/submodules/TelegramCore/FlatSerialization/StickerPackCollectionInfo_generated.swift
+ cp bazel-out/ios_arm64-dbg-ios-arm64-min13.0-ST-57b073d392e5/bin/submodules/TelegramCore/FlatSerialization/build/StickerPackReference_generated.swift bazel-out/ios_arm64-dbg-ios-arm64-min13.0-ST-57b073d392e5/bin/submodules/TelegramCore/FlatSerialization/StickerPackReference_generated.swift
+ cp bazel-out/ios_arm64-dbg-ios-arm64-min13.0-ST-57b073d392e5/bin/submodules/TelegramCore/FlatSerialization/build/StoredDeviceContactData_generated.swift bazel-out/ios_arm64-dbg-ios-arm64-min13.0-ST-57b073d392e5/bin/submodules/TelegramCore/FlatSerialization/StoredDeviceContactData_generated.swift
+ cp bazel-out/ios_arm64-dbg-ios-arm64-min13.0-ST-57b073d392e5/bin/submodules/TelegramCore/FlatSerialization/build/TelegramChannel_generated.swift bazel-out/ios_arm64-dbg-ios-arm64-min13.0-ST-57b073d392e5/bin/submodules/TelegramCore/FlatSerialization/TelegramChannel_generated.swift
+ cp bazel-out/ios_arm64-dbg-ios-arm64-min13.0-ST-57b073d392e5/bin/submodules/TelegramCore/FlatSerialization/build/TelegramChatAdminRights_generated.swift bazel-out/ios_arm64-dbg-ios-arm64-min13.0-ST-57b073d392e5/bin/submodules/TelegramCore/FlatSerialization/TelegramChatAdminRights_generated.swift
+ cp bazel-out/ios_arm64-dbg-ios-arm64-min13.0-ST-57b073d392e5/bin/submodules/TelegramCore/FlatSerialization/build/TelegramChatBannedRights_generated.swift bazel-out/ios_arm64-dbg-ios-arm64-min13.0-ST-57b073d392e5/bin/submodules/TelegramCore/FlatSerialization/TelegramChatBannedRights_generated.swift
+ cp bazel-out/ios_arm64-dbg-ios-arm64-min13.0-ST-57b073d392e5/bin/submodules/TelegramCore/FlatSerialization/build/TelegramGroup_generated.swift bazel-out/ios_arm64-dbg-ios-arm64-min13.0-ST-57b073d392e5/bin/submodules/TelegramCore/FlatSerialization/TelegramGroup_generated.swift
+ cp bazel-out/ios_arm64-dbg-ios-arm64-min13.0-ST-57b073d392e5/bin/submodules/TelegramCore/FlatSerialization/build/TelegramMediaFile_generated.swift bazel-out/ios_arm64-dbg-ios-arm64-min13.0-ST-57b073d392e5/bin/submodules/TelegramCore/FlatSerialization/TelegramMediaFile_generated.swift
+ cp bazel-out/ios_arm64-dbg-ios-arm64-min13.0-ST-57b073d392e5/bin/submodules/TelegramCore/FlatSerialization/build/TelegramMediaFileAttribute_generated.swift bazel-out/ios_arm64-dbg-ios-arm64-min13.0-ST-57b073d392e5/bin/submodules/TelegramCore/FlatSerialization/TelegramMediaFileAttribute_generated.swift
+ cp bazel-out/ios_arm64-dbg-ios-arm64-min13.0-ST-57b073d392e5/bin/submodules/TelegramCore/FlatSerialization/build/TelegramMediaImage_generated.swift bazel-out/ios_arm64-dbg-ios-arm64-min13.0-ST-57b073d392e5/bin/submodules/TelegramCore/FlatSerialization/TelegramMediaImage_generated.swift
+ cp bazel-out/ios_arm64-dbg-ios-arm64-min13.0-ST-57b073d392e5/bin/submodules/TelegramCore/FlatSerialization/build/TelegramMediaImageRepresentation_generated.swift bazel-out/ios_arm64-dbg-ios-arm64-min13.0-ST-57b073d392e5/bin/submodules/TelegramCore/FlatSerialization/TelegramMediaImageRepresentation_generated.swift
+ cp bazel-out/ios_arm64-dbg-ios-arm64-min13.0-ST-57b073d392e5/bin/submodules/TelegramCore/FlatSerialization/build/TelegramMediaResource_generated.swift bazel-out/ios_arm64-dbg-ios-arm64-min13.0-ST-57b073d392e5/bin/submodules/TelegramCore/FlatSerialization/TelegramMediaResource_generated.swift
+ cp bazel-out/ios_arm64-dbg-ios-arm64-min13.0-ST-57b073d392e5/bin/submodules/TelegramCore/FlatSerialization/build/TelegramPeerAccessHash_generated.swift bazel-out/ios_arm64-dbg-ios-arm64-min13.0-ST-57b073d392e5/bin/submodules/TelegramCore/FlatSerialization/TelegramPeerAccessHash_generated.swift
+ cp bazel-out/ios_arm64-dbg-ios-arm64-min13.0-ST-57b073d392e5/bin/submodules/TelegramCore/FlatSerialization/build/TelegramPeerUsername_generated.swift bazel-out/ios_arm64-dbg-ios-arm64-min13.0-ST-57b073d392e5/bin/submodules/TelegramCore/FlatSerialization/TelegramPeerUsername_generated.swift
+ cp bazel-out/ios_arm64-dbg-ios-arm64-min13.0-ST-57b073d392e5/bin/submodules/TelegramCore/FlatSerialization/build/TelegramUser_generated.swift bazel-out/ios_arm64-dbg-ios-arm64-min13.0-ST-57b073d392e5/bin/submodules/TelegramCore/FlatSerialization/TelegramUser_generated.swift
+ cp bazel-out/ios_arm64-dbg-ios-arm64-min13.0-ST-57b073d392e5/bin/submodules/TelegramCore/FlatSerialization/build/VideoThumbnail_generated.swift bazel-out/ios_arm64-dbg-ios-arm64-min13.0-ST-57b073d392e5/bin/submodules/TelegramCore/FlatSerialization/VideoThumbnail_generated.swift
[1,882 / 5,606] Executing genrule //third-party/webp:webp_build; 39s local ... (10 actions, 9 running)
[1,901 / 5,606] Executing genrule //third-party/webp:webp_build; 40s local ... (10 actions running)
[1,912 / 5,606] Executing genrule //third-party/webp:webp_build; 41s local ... (10 actions running)
INFO: From Executing genrule //third-party/webp:webp_build:
+ '[' ios_arm64 == ios_arm64 ']'
+ BUILD_ARCH=arm64
+ BUILD_DIR=bazel-out/ios_arm64-dbg-ios-arm64-min13.0-ST-57b073d392e5/bin/third-party/webp/build_arm64
+ rm -rf bazel-out/ios_arm64-dbg-ios-arm64-min13.0-ST-57b073d392e5/bin/third-party/webp/build_arm64
+ mkdir -p bazel-out/ios_arm64-dbg-ios-arm64-min13.0-ST-57b073d392e5/bin/third-party/webp/build_arm64
++ pwd
+ CMAKE_DIR=/private/var/tmp/_bazel_afanasyev/9a39311ceb7a61706aa1e4e247e12702/execroot/_main/bazel-out/ios_arm64-dbg-ios-arm64-min13.0-ST-57b073d392e5/bin/third-party/webp/build_arm64/cmake
+ rm -rf /private/var/tmp/_bazel_afanasyev/9a39311ceb7a61706aa1e4e247e12702/execroot/_main/bazel-out/ios_arm64-dbg-ios-arm64-min13.0-ST-57b073d392e5/bin/third-party/webp/build_arm64/cmake
+ mkdir -p /private/var/tmp/_bazel_afanasyev/9a39311ceb7a61706aa1e4e247e12702/execroot/_main/bazel-out/ios_arm64-dbg-ios-arm64-min13.0-ST-57b073d392e5/bin/third-party/webp/build_arm64/cmake
+ tar -xzf external/+_repo_rules+cmake_tar_gz/file/downloaded -C /private/var/tmp/_bazel_afanasyev/9a39311ceb7a61706aa1e4e247e12702/execroot/_main/bazel-out/ios_arm64-dbg-ios-arm64-min13.0-ST-57b073d392e5/bin/third-party/webp/build_arm64/cmake
+ cp third-party/webp/build-webp-bazel.sh bazel-out/ios_arm64-dbg-ios-arm64-min13.0-ST-57b073d392e5/bin/third-party/webp/build_arm64/
+ SOURCE_PATH=third-party/webp/libwebp
+ cp -R third-party/webp/libwebp bazel-out/ios_arm64-dbg-ios-arm64-min13.0-ST-57b073d392e5/bin/third-party/webp/build_arm64/
+ mkdir -p bazel-out/ios_arm64-dbg-ios-arm64-min13.0-ST-57b073d392e5/bin/third-party/webp/build_arm64/Public/libwebp
+ PATH=/private/var/tmp/_bazel_afanasyev/9a39311ceb7a61706aa1e4e247e12702/execroot/_main/bazel-out/ios_arm64-dbg-ios-arm64-min13.0-ST-57b073d392e5/bin/third-party/webp/build_arm64/cmake/cmake-4.1.2-macos-universal/CMake.app/Contents/bin:/usr/bin:/bin:/usr/sbin:/sbin
+ sh bazel-out/ios_arm64-dbg-ios-arm64-min13.0-ST-57b073d392e5/bin/third-party/webp/build_arm64/build-webp-bazel.sh arm64 bazel-out/ios_arm64-dbg-ios-arm64-min13.0-ST-57b073d392e5/bin/third-party/webp/build_arm64/libwebp bazel-out/ios_arm64-dbg-ios-arm64-min13.0-ST-57b073d392e5/bin/third-party/webp/build_arm64
+ set -e
+ ARCH=arm64
+ SOURCE_DIR=bazel-out/ios_arm64-dbg-ios-arm64-min13.0-ST-57b073d392e5/bin/third-party/webp/build_arm64/libwebp
++++ dirname bazel-out/ios_arm64-dbg-ios-arm64-min13.0-ST-57b073d392e5/bin/third-party/webp/build_arm64
+++ cd bazel-out/ios_arm64-dbg-ios-arm64-min13.0-ST-57b073d392e5/bin/third-party/webp
+++ pwd -P
+++ basename bazel-out/ios_arm64-dbg-ios-arm64-min13.0-ST-57b073d392e5/bin/third-party/webp/build_arm64
++ echo /private/var/tmp/_bazel_afanasyev/9a39311ceb7a61706aa1e4e247e12702/execroot/_main/bazel-out/ios_arm64-dbg-ios-arm64-min13.0-ST-57b073d392e5/bin/third-party/webp/build_arm64
+ BUILD_DIR=/private/var/tmp/_bazel_afanasyev/9a39311ceb7a61706aa1e4e247e12702/execroot/_main/bazel-out/ios_arm64-dbg-ios-arm64-min13.0-ST-57b073d392e5/bin/third-party/webp/build_arm64
+ COMMON_ARGS='-DWEBP_LINK_STATIC=1 -DWEBP_BUILD_CWEBP=0 -DWEBP_BUILD_DWEBP=0 -DWEBP_BUILD_IMG2WEBP=0 -DWEBP_BUILD_ANIM_UTILS=0 -DWEBP_BUILD_GIF2WEBP=0 -DWEBP_BUILD_VWEBP=0 -DWEBP_BUILD_WEBPINFO=0 -DWEBP_BUILD_LIBWEBPMUX=0 -DWEBP_BUILD_WEBPMUX=0 -DWEBP_BUILD_EXTRAS=0'
+ '[' arm64 = arm64 ']'
++ xcode-select -p
+ IOS_PLATFORMDIR=/Applications/Xcode.app/Contents/Developer/Platforms/iPhoneOS.platform
+ IOS_SYSROOT=($IOS_PLATFORMDIR/Developer/SDKs/iPhoneOS*.sdk)
+ export 'CFLAGS=-Wall -arch arm64 -miphoneos-version-min=13.0 -funwind-tables'
+ CFLAGS='-Wall -arch arm64 -miphoneos-version-min=13.0 -funwind-tables'
+ cd /private/var/tmp/_bazel_afanasyev/9a39311ceb7a61706aa1e4e247e12702/execroot/_main/bazel-out/ios_arm64-dbg-ios-arm64-min13.0-ST-57b073d392e5/bin/third-party/webp/build_arm64
+ mkdir build
+ cd build
+ touch toolchain.cmake
+ echo 'set(CMAKE_SYSTEM_NAME Darwin)'
+ echo 'set(CMAKE_SYSTEM_PROCESSOR aarch64)'
++ xcode-select -p
+ echo 'set(CMAKE_C_COMPILER /Applications/Xcode.app/Contents/Developer/Toolchains/XcodeDefault.xctoolchain/usr/bin/clang)'
+ cmake '-GUnix Makefiles' -DCMAKE_TOOLCHAIN_FILE=toolchain.cmake -DCMAKE_OSX_SYSROOT=/Applications/Xcode.app/Contents/Developer/Platforms/iPhoneOS.platform/Developer/SDKs/iPhoneOS.sdk -DWEBP_LINK_STATIC=1 -DWEBP_BUILD_CWEBP=0 -DWEBP_BUILD_DWEBP=0 -DWEBP_BUILD_IMG2WEBP=0 -DWEBP_BUILD_ANIM_UTILS=0 -DWEBP_BUILD_GIF2WEBP=0 -DWEBP_BUILD_VWEBP=0 -DWEBP_BUILD_WEBPINFO=0 -DWEBP_BUILD_LIBWEBPMUX=0 -DWEBP_BUILD_WEBPMUX=0 -DWEBP_BUILD_EXTRAS=0 ../libwebp
+ make
+ cp -f bazel-out/ios_arm64-dbg-ios-arm64-min13.0-ST-57b073d392e5/bin/third-party/webp/build_arm64/libwebp/src/webp/decode.h bazel-out/ios_arm64-dbg-ios-arm64-min13.0-ST-57b073d392e5/bin/third-party/webp/Public/webp/decode.h
+ cp -f bazel-out/ios_arm64-dbg-ios-arm64-min13.0-ST-57b073d392e5/bin/third-party/webp/build_arm64/libwebp/src/webp/encode.h bazel-out/ios_arm64-dbg-ios-arm64-min13.0-ST-57b073d392e5/bin/third-party/webp/Public/webp/encode.h
+ cp -f bazel-out/ios_arm64-dbg-ios-arm64-min13.0-ST-57b073d392e5/bin/third-party/webp/build_arm64/libwebp/src/webp/types.h bazel-out/ios_arm64-dbg-ios-arm64-min13.0-ST-57b073d392e5/bin/third-party/webp/Public/webp/types.h
+ cp -f bazel-out/ios_arm64-dbg-ios-arm64-min13.0-ST-57b073d392e5/bin/third-party/webp/build_arm64/build/libwebp.a bazel-out/ios_arm64-dbg-ios-arm64-min13.0-ST-57b073d392e5/bin/third-party/webp/Public/webp/lib/libwebp.a
+ cp -f bazel-out/ios_arm64-dbg-ios-arm64-min13.0-ST-57b073d392e5/bin/third-party/webp/build_arm64/build/libsharpyuv.a bazel-out/ios_arm64-dbg-ios-arm64-min13.0-ST-57b073d392e5/bin/third-party/webp/Public/webp/lib/libsharpyuv.a
-- The C compiler identification is AppleClang 21.0.0.21000099
-- Detecting C compiler ABI info
-- Detecting C compiler ABI info - done
-- Check for working C compiler: /Applications/Xcode.app/Contents/Developer/Toolchains/XcodeDefault.xctoolchain/usr/bin/clang - skipped
-- Detecting C compile features
-- Detecting C compile features - done
-- Performing Test HAVE_BUILTIN_BSWAP16
-- Performing Test HAVE_BUILTIN_BSWAP16 - Success
-- Performing Test HAVE_BUILTIN_BSWAP32
-- Performing Test HAVE_BUILTIN_BSWAP32 - Success
-- Performing Test HAVE_BUILTIN_BSWAP64
-- Performing Test HAVE_BUILTIN_BSWAP64 - Success
-- Performing Test CMAKE_HAVE_LIBC_PTHREAD
-- Performing Test CMAKE_HAVE_LIBC_PTHREAD - Success
-- Found Threads: TRUE
-- Could NOT find OpenGL (missing: OPENGL_INCLUDE_DIR) 
-- Performing Test HAVE_MATH_LIBRARY
-- Performing Test HAVE_MATH_LIBRARY - Success
-- Looking for include file GLUT/glut.h
-- Looking for include file GLUT/glut.h - not found
-- Looking for include file GL/glut.h
-- Looking for include file GL/glut.h - not found
-- Looking for include file OpenGL/glut.h
-- Looking for include file OpenGL/glut.h - not found
-- Looking for include file shlwapi.h
-- Looking for include file shlwapi.h - not found
-- Looking for include file unistd.h
-- Looking for include file unistd.h - found
-- Looking for include file wincodec.h
-- Looking for include file wincodec.h - not found
-- Looking for include file windows.h
-- Looking for include file windows.h - not found
-- Performing Test WEBP_HAVE_FLAG_SSE41
-- Performing Test WEBP_HAVE_FLAG_SSE41 - Failed
-- Performing Test WEBP_HAVE_FLAG_SSE41
-- Performing Test WEBP_HAVE_FLAG_SSE41 - Failed
-- Performing Test HAS_COMPILE_FLAG
-- Performing Test HAS_COMPILE_FLAG - Failed
-- Performing Test WEBP_HAVE_FLAG_SSE2
-- Performing Test WEBP_HAVE_FLAG_SSE2 - Failed
-- Performing Test WEBP_HAVE_FLAG_SSE2
-- Performing Test WEBP_HAVE_FLAG_SSE2 - Failed
-- Performing Test HAS_COMPILE_FLAG
-- Performing Test HAS_COMPILE_FLAG - Failed
-- Performing Test WEBP_HAVE_FLAG_MIPS32
-- Performing Test WEBP_HAVE_FLAG_MIPS32 - Failed
-- Performing Test WEBP_HAVE_FLAG_MIPS32
-- Performing Test WEBP_HAVE_FLAG_MIPS32 - Failed
-- Performing Test WEBP_HAVE_FLAG_MIPS_DSP_R2
-- Performing Test WEBP_HAVE_FLAG_MIPS_DSP_R2 - Failed
-- Performing Test WEBP_HAVE_FLAG_MIPS_DSP_R2
-- Performing Test WEBP_HAVE_FLAG_MIPS_DSP_R2 - Failed
-- Performing Test HAS_COMPILE_FLAG
-- Performing Test HAS_COMPILE_FLAG - Failed
-- Performing Test WEBP_HAVE_FLAG_NEON
-- Performing Test WEBP_HAVE_FLAG_NEON - Success
-- Performing Test WEBP_HAVE_FLAG_MSA
-- Performing Test WEBP_HAVE_FLAG_MSA - Failed
-- Performing Test WEBP_HAVE_FLAG_MSA
-- Performing Test WEBP_HAVE_FLAG_MSA - Failed
-- Performing Test HAS_COMPILE_FLAG
-- Performing Test HAS_COMPILE_FLAG - Failed
-- Configuring done (5.2s)
-- Generating done (0.1s)
-- Build files have been written to: /private/var/tmp/_bazel_afanasyev/9a39311ceb7a61706aa1e4e247e12702/execroot/_main/bazel-out/ios_arm64-dbg-ios-arm64-min13.0-ST-57b073d392e5/bin/third-party/webp/build_arm64/build
[  0%] Building C object CMakeFiles/sharpyuv.dir/sharpyuv/sharpyuv_sse2.c.o
[  1%] Building C object CMakeFiles/sharpyuv.dir/sharpyuv/sharpyuv_neon.c.o
[  2%] Building C object CMakeFiles/sharpyuv.dir/sharpyuv/sharpyuv_cpu.c.o
[  3%] Building C object CMakeFiles/sharpyuv.dir/sharpyuv/sharpyuv_csp.c.o
[  4%] Building C object CMakeFiles/sharpyuv.dir/sharpyuv/sharpyuv_dsp.c.o
[  5%] Building C object CMakeFiles/sharpyuv.dir/sharpyuv/sharpyuv_gamma.c.o
[  6%] Building C object CMakeFiles/sharpyuv.dir/sharpyuv/sharpyuv.c.o
[  7%] Linking C static library libsharpyuv.a
[  7%] Built target sharpyuv
[  8%] Building C object CMakeFiles/webpdecode.dir/src/dec/alpha_dec.c.o
[  9%] Building C object CMakeFiles/webpdecode.dir/src/dec/buffer_dec.c.o
[ 10%] Building C object CMakeFiles/webpdecode.dir/src/dec/frame_dec.c.o
[ 11%] Building C object CMakeFiles/webpdecode.dir/src/dec/idec_dec.c.o
[ 11%] Building C object CMakeFiles/webpdecode.dir/src/dec/io_dec.c.o
[ 12%] Building C object CMakeFiles/webpdecode.dir/src/dec/quant_dec.c.o
[ 13%] Building C object CMakeFiles/webpdecode.dir/src/dec/tree_dec.c.o
[ 14%] Building C object CMakeFiles/webpdecode.dir/src/dec/vp8_dec.c.o
[ 15%] Building C object CMakeFiles/webpdecode.dir/src/dec/vp8l_dec.c.o
[ 16%] Building C object CMakeFiles/webpdecode.dir/src/dec/webp_dec.c.o
[ 16%] Built target webpdecode
[ 17%] Building C object CMakeFiles/webpdspdecode.dir/src/dsp/alpha_processing.c.o
[ 18%] Building C object CMakeFiles/webpdspdecode.dir/src/dsp/cpu.c.o
[ 19%] Building C object CMakeFiles/webpdspdecode.dir/src/dsp/dec.c.o
[ 20%] Building C object CMakeFiles/webpdspdecode.dir/src/dsp/dec_clip_tables.c.o
[ 21%] Building C object CMakeFiles/webpdspdecode.dir/src/dsp/filters.c.o
[ 22%] Building C object CMakeFiles/webpdspdecode.dir/src/dsp/lossless.c.o
[ 23%] Building C object CMakeFiles/webpdspdecode.dir/src/dsp/rescaler.c.o
[ 24%] Building C object CMakeFiles/webpdspdecode.dir/src/dsp/upsampling.c.o
[ 24%] Building C object CMakeFiles/webpdspdecode.dir/src/dsp/yuv.c.o
[ 25%] Building C object CMakeFiles/webpdspdecode.dir/src/dsp/alpha_processing_neon.c.o
[ 26%] Building C object CMakeFiles/webpdspdecode.dir/src/dsp/dec_neon.c.o
[ 27%] Building C object CMakeFiles/webpdspdecode.dir/src/dsp/filters_neon.c.o
[ 28%] Building C object CMakeFiles/webpdspdecode.dir/src/dsp/lossless_neon.c.o
[ 29%] Building C object CMakeFiles/webpdspdecode.dir/src/dsp/rescaler_neon.c.o
[ 30%] Building C object CMakeFiles/webpdspdecode.dir/src/dsp/upsampling_neon.c.o
[ 31%] Building C object CMakeFiles/webpdspdecode.dir/src/dsp/yuv_neon.c.o
[ 31%] Built target webpdspdecode
[ 32%] Building C object CMakeFiles/webputilsdecode.dir/src/utils/bit_reader_utils.c.o
[ 33%] Building C object CMakeFiles/webputilsdecode.dir/src/utils/color_cache_utils.c.o
[ 34%] Building C object CMakeFiles/webputilsdecode.dir/src/utils/filters_utils.c.o
[ 35%] Building C object CMakeFiles/webputilsdecode.dir/src/utils/huffman_utils.c.o
[ 36%] Building C object CMakeFiles/webputilsdecode.dir/src/utils/palette.c.o
[ 37%] Building C object CMakeFiles/webputilsdecode.dir/src/utils/quant_levels_dec_utils.c.o
[ 38%] Building C object CMakeFiles/webputilsdecode.dir/src/utils/rescaler_utils.c.o
[ 39%] Building C object CMakeFiles/webputilsdecode.dir/src/utils/random_utils.c.o
[ 40%] Building C object CMakeFiles/webputilsdecode.dir/src/utils/thread_utils.c.o
[ 41%] Building C object CMakeFiles/webputilsdecode.dir/src/utils/utils.c.o
[ 41%] Built target webputilsdecode
[ 42%] Linking C static library libwebpdecoder.a
[ 42%] Built target webpdecoder
[ 43%] Building C object CMakeFiles/webpencode.dir/src/enc/alpha_enc.c.o
[ 44%] Building C object CMakeFiles/webpencode.dir/src/enc/analysis_enc.c.o
[ 45%] Building C object CMakeFiles/webpencode.dir/src/enc/backward_references_cost_enc.c.o
[ 46%] Building C object CMakeFiles/webpencode.dir/src/enc/backward_references_enc.c.o
[ 47%] Building C object CMakeFiles/webpencode.dir/src/enc/config_enc.c.o
[ 47%] Building C object CMakeFiles/webpencode.dir/src/enc/cost_enc.c.o
[ 48%] Building C object CMakeFiles/webpencode.dir/src/enc/filter_enc.c.o
[ 49%] Building C object CMakeFiles/webpencode.dir/src/enc/frame_enc.c.o
[ 50%] Building C object CMakeFiles/webpencode.dir/src/enc/histogram_enc.c.o
[ 51%] Building C object CMakeFiles/webpencode.dir/src/enc/iterator_enc.c.o
[ 52%] Building C object CMakeFiles/webpencode.dir/src/enc/near_lossless_enc.c.o
[ 53%] Building C object CMakeFiles/webpencode.dir/src/enc/picture_enc.c.o
[ 54%] Building C object CMakeFiles/webpencode.dir/src/enc/picture_csp_enc.c.o
[ 55%] Building C object CMakeFiles/webpencode.dir/src/enc/picture_psnr_enc.c.o
[ 56%] Building C object CMakeFiles/webpencode.dir/src/enc/picture_rescale_enc.c.o
[ 57%] Building C object CMakeFiles/webpencode.dir/src/enc/picture_tools_enc.c.o
[ 58%] Building C object CMakeFiles/webpencode.dir/src/enc/predictor_enc.c.o
[ 59%] Building C object CMakeFiles/webpencode.dir/src/enc/quant_enc.c.o
[ 60%] Building C object CMakeFiles/webpencode.dir/src/enc/syntax_enc.c.o
[ 60%] Building C object CMakeFiles/webpencode.dir/src/enc/token_enc.c.o
[ 61%] Building C object CMakeFiles/webpencode.dir/src/enc/tree_enc.c.o
[ 62%] Building C object CMakeFiles/webpencode.dir/src/enc/vp8l_enc.c.o
[ 63%] Building C object CMakeFiles/webpencode.dir/src/enc/webp_enc.c.o
[ 63%] Built target webpencode
[ 64%] Building C object CMakeFiles/webpdsp.dir/src/dsp/alpha_processing.c.o
[ 65%] Building C object CMakeFiles/webpdsp.dir/src/dsp/cpu.c.o
[ 66%] Building C object CMakeFiles/webpdsp.dir/src/dsp/dec.c.o
[ 67%] Building C object CMakeFiles/webpdsp.dir/src/dsp/dec_clip_tables.c.o
[ 67%] Building C object CMakeFiles/webpdsp.dir/src/dsp/filters.c.o
[ 68%] Building C object CMakeFiles/webpdsp.dir/src/dsp/lossless.c.o
[ 69%] Building C object CMakeFiles/webpdsp.dir/src/dsp/rescaler.c.o
[ 70%] Building C object CMakeFiles/webpdsp.dir/src/dsp/upsampling.c.o
[ 71%] Building C object CMakeFiles/webpdsp.dir/src/dsp/yuv.c.o
[ 72%] Building C object CMakeFiles/webpdsp.dir/src/dsp/alpha_processing_neon.c.o
[ 73%] Building C object CMakeFiles/webpdsp.dir/src/dsp/dec_neon.c.o
[ 74%] Building C object CMakeFiles/webpdsp.dir/src/dsp/filters_neon.c.o
[ 75%] Building C object CMakeFiles/webpdsp.dir/src/dsp/lossless_neon.c.o
[ 76%] Building C object CMakeFiles/webpdsp.dir/src/dsp/rescaler_neon.c.o
[ 77%] Building C object CMakeFiles/webpdsp.dir/src/dsp/upsampling_neon.c.o
[ 78%] Building C object CMakeFiles/webpdsp.dir/src/dsp/yuv_neon.c.o
[ 79%] Building C object CMakeFiles/webpdsp.dir/src/dsp/cost.c.o
[ 79%] Building C object CMakeFiles/webpdsp.dir/src/dsp/enc.c.o
[ 80%] Building C object CMakeFiles/webpdsp.dir/src/dsp/lossless_enc.c.o
[ 81%] Building C object CMakeFiles/webpdsp.dir/src/dsp/ssim.c.o
[ 82%] Building C object CMakeFiles/webpdsp.dir/src/dsp/cost_neon.c.o
[ 83%] Building C object CMakeFiles/webpdsp.dir/src/dsp/enc_neon.c.o
[ 84%] Building C object CMakeFiles/webpdsp.dir/src/dsp/lossless_enc_neon.c.o
[ 84%] Built target webpdsp
[ 85%] Building C object CMakeFiles/webputils.dir/src/utils/bit_reader_utils.c.o
[ 86%] Building C object CMakeFiles/webputils.dir/src/utils/color_cache_utils.c.o
[ 87%] Building C object CMakeFiles/webputils.dir/src/utils/filters_utils.c.o
[ 88%] Building C object CMakeFiles/webputils.dir/src/utils/huffman_utils.c.o
[ 89%] Building C object CMakeFiles/webputils.dir/src/utils/palette.c.o
[ 90%] Building C object CMakeFiles/webputils.dir/src/utils/quant_levels_dec_utils.c.o
[ 91%] Building C object CMakeFiles/webputils.dir/src/utils/rescaler_utils.c.o
[ 92%] Building C object CMakeFiles/webputils.dir/src/utils/random_utils.c.o
[ 93%] Building C object CMakeFiles/webputils.dir/src/utils/thread_utils.c.o
[ 93%] Building C object CMakeFiles/webputils.dir/src/utils/utils.c.o
[ 94%] Building C object CMakeFiles/webputils.dir/src/utils/bit_writer_utils.c.o
[ 95%] Building C object CMakeFiles/webputils.dir/src/utils/huffman_encode_utils.c.o
[ 96%] Building C object CMakeFiles/webputils.dir/src/utils/quant_levels_utils.c.o
[ 96%] Built target webputils
[ 97%] Linking C static library libwebp.a
[ 97%] Built target webp
[ 98%] Building C object CMakeFiles/webpdemux.dir/src/demux/anim_decode.c.o
[ 99%] Building C object CMakeFiles/webpdemux.dir/src/demux/demux.c.o
[100%] Linking C static library libwebpdemux.a
[100%] Built target webpdemux
[1,931 / 5,606] Executing genrule //third-party/mozjpeg:mozjpeg_build; 42s local ... (10 actions running)
[1,946 / 5,606] Executing genrule //third-party/mozjpeg:mozjpeg_build; 43s local ... (10 actions, 9 running)
[1,960 / 5,606] Executing genrule //third-party/mozjpeg:mozjpeg_build; 44s local ... (10 actions, 9 running)
INFO: From Compiling third-party/webrtc/libsrtp/third_party/libsrtp/srtp/ekt.c:
third-party/webrtc/libsrtp/third_party/libsrtp/srtp/ekt.c:201:37: warning: variable 'srtp_policy' is uninitialized when passed as a const pointer argument here [-Wuninitialized-const-pointer]
  201 |     err = srtp_stream_init(stream, &srtp_policy);
      |                                     ^~~~~~~~~~~
1 warning generated.
[1,975 / 5,606] Executing genrule //third-party/mozjpeg:mozjpeg_build; 45s local ... (10 actions, 9 running)
[1,992 / 5,606] Executing genrule //third-party/mozjpeg:mozjpeg_build; 46s local ... (10 actions, 9 running)
[2,003 / 5,606] Executing genrule //third-party/mozjpeg:mozjpeg_build; 47s local ... (10 actions, 9 running)
[2,010 / 5,606] Executing genrule //third-party/mozjpeg:mozjpeg_build; 48s local ... (10 actions, 9 running)
[2,017 / 5,606] Executing genrule //third-party/mozjpeg:mozjpeg_build; 49s local ... (10 actions, 9 running)
INFO: From Compiling third-party/openh264/third_party/openh264/src/codec/encoder/core/src/encoder_ext.cpp:
third-party/openh264/third_party/openh264/src/codec/encoder/core/src/encoder_ext.cpp:2332:17: warning: first argument in call to 'memcpy' is a pointer to non-trivially copyable type 'SWelsSvcCodingParam' (aka 'WelsEnc::TagWelsSvcCodingParam') [-Wnontrivial-memcall]
 2332 |   memcpy (pCtx->pSvcParam, pCodingParam, sizeof (SWelsSvcCodingParam)); // confirmed_safe_unsafe_usage
      |                 ^
third-party/openh264/third_party/openh264/src/codec/encoder/core/src/encoder_ext.cpp:2332:17: note: explicitly cast the pointer to silence this warning
 2332 |   memcpy (pCtx->pSvcParam, pCodingParam, sizeof (SWelsSvcCodingParam)); // confirmed_safe_unsafe_usage
      |                 ^
      |           (void*)
third-party/openh264/third_party/openh264/src/codec/encoder/core/src/encoder_ext.cpp:4459:11: warning: first argument in call to 'memcpy' is a pointer to non-trivially copyable type 'SWelsSvcCodingParam' (aka 'WelsEnc::TagWelsSvcCodingParam') [-Wnontrivial-memcall]
 4459 |   memcpy (&sConfig, (*ppCtx)->pSvcParam, sizeof (SWelsSvcCodingParam));
      |           ^
third-party/openh264/third_party/openh264/src/codec/encoder/core/src/encoder_ext.cpp:4459:11: note: explicitly cast the pointer to silence this warning
 4459 |   memcpy (&sConfig, (*ppCtx)->pSvcParam, sizeof (SWelsSvcCodingParam));
      |           ^
      |           (void*)
2 warnings generated.
[2,024 / 5,606] Executing genrule //third-party/mozjpeg:mozjpeg_build; 50s local ... (10 actions, 9 running)
[2,030 / 5,606] Executing genrule //third-party/mozjpeg:mozjpeg_build; 51s local ... (10 actions, 9 running)
[2,039 / 5,606] Executing genrule //third-party/mozjpeg:mozjpeg_build; 52s local ... (10 actions, 9 running)
[2,044 / 5,606] Executing genrule //third-party/mozjpeg:mozjpeg_build; 53s local ... (10 actions, 9 running)
[2,046 / 5,606] Executing genrule //third-party/mozjpeg:mozjpeg_build; 54s local ... (10 actions, 9 running)
[2,052 / 5,606] Executing genrule //third-party/mozjpeg:mozjpeg_build; 55s local ... (10 actions, 9 running)
[2,053 / 5,606] Executing genrule //third-party/mozjpeg:mozjpeg_build; 56s local ... (10 actions, 9 running)
[2,055 / 5,606] Executing genrule //third-party/mozjpeg:mozjpeg_build; 58s local ... (10 actions running)
[2,058 / 5,606] Executing genrule //third-party/mozjpeg:mozjpeg_build; 59s local ... (10 actions running)
[2,061 / 5,606] Executing genrule //third-party/mozjpeg:mozjpeg_build; 60s local ... (10 actions running)
[2,064 / 5,606] Executing genrule //third-party/mozjpeg:mozjpeg_build; 61s local ... (10 actions running)
INFO: From Executing genrule //third-party/mozjpeg:mozjpeg_build:
+ '[' ios_arm64 == ios_armv7 ']'
+ '[' ios_arm64 == ios_arm64 ']'
+ BUILD_ARCH=arm64
+ BUILD_DIR=bazel-out/ios_arm64-dbg-ios-arm64-min13.0-ST-57b073d392e5/bin/third-party/mozjpeg/build_arm64
+ rm -rf bazel-out/ios_arm64-dbg-ios-arm64-min13.0-ST-57b073d392e5/bin/third-party/mozjpeg/build_arm64
+ mkdir -p bazel-out/ios_arm64-dbg-ios-arm64-min13.0-ST-57b073d392e5/bin/third-party/mozjpeg/build_arm64
++ pwd
+ CMAKE_DIR=/private/var/tmp/_bazel_afanasyev/9a39311ceb7a61706aa1e4e247e12702/execroot/_main/bazel-out/ios_arm64-dbg-ios-arm64-min13.0-ST-57b073d392e5/bin/third-party/mozjpeg/build_arm64/cmake
+ rm -rf /private/var/tmp/_bazel_afanasyev/9a39311ceb7a61706aa1e4e247e12702/execroot/_main/bazel-out/ios_arm64-dbg-ios-arm64-min13.0-ST-57b073d392e5/bin/third-party/mozjpeg/build_arm64/cmake
+ mkdir -p /private/var/tmp/_bazel_afanasyev/9a39311ceb7a61706aa1e4e247e12702/execroot/_main/bazel-out/ios_arm64-dbg-ios-arm64-min13.0-ST-57b073d392e5/bin/third-party/mozjpeg/build_arm64/cmake
+ tar -xzf external/+_repo_rules+cmake_tar_gz/file/downloaded -C /private/var/tmp/_bazel_afanasyev/9a39311ceb7a61706aa1e4e247e12702/execroot/_main/bazel-out/ios_arm64-dbg-ios-arm64-min13.0-ST-57b073d392e5/bin/third-party/mozjpeg/build_arm64/cmake
+ cp third-party/mozjpeg/build-mozjpeg-bazel.sh bazel-out/ios_arm64-dbg-ios-arm64-min13.0-ST-57b073d392e5/bin/third-party/mozjpeg/build_arm64/
+ SOURCE_PATH=third-party/mozjpeg/mozjpeg
+ cp -R third-party/mozjpeg/mozjpeg bazel-out/ios_arm64-dbg-ios-arm64-min13.0-ST-57b073d392e5/bin/third-party/mozjpeg/build_arm64/
+ mkdir -p bazel-out/ios_arm64-dbg-ios-arm64-min13.0-ST-57b073d392e5/bin/third-party/mozjpeg/build_arm64/Public/mozjpeg
+ PATH=/usr/bin:/bin:/usr/sbin:/sbin:/private/var/tmp/_bazel_afanasyev/9a39311ceb7a61706aa1e4e247e12702/execroot/_main/bazel-out/ios_arm64-dbg-ios-arm64-min13.0-ST-57b073d392e5/bin/third-party/mozjpeg/build_arm64/cmake/cmake-4.1.2-macos-universal/CMake.app/Contents/bin
+ sh bazel-out/ios_arm64-dbg-ios-arm64-min13.0-ST-57b073d392e5/bin/third-party/mozjpeg/build_arm64/build-mozjpeg-bazel.sh arm64 bazel-out/ios_arm64-dbg-ios-arm64-min13.0-ST-57b073d392e5/bin/third-party/mozjpeg/build_arm64/mozjpeg bazel-out/ios_arm64-dbg-ios-arm64-min13.0-ST-57b073d392e5/bin/third-party/mozjpeg/build_arm64
CMake Deprecation Warning at CMakeLists.txt:1 (cmake_minimum_required):
  Compatibility with CMake < 3.10 will be removed from a future version of
  CMake.

  Update the VERSION argument <min> value.  Or, use the <min>...<max> syntax
  to tell CMake that the project requires at least <min> but has been updated
  to work with policies introduced by <max> or earlier.


+ cp -f bazel-out/ios_arm64-dbg-ios-arm64-min13.0-ST-57b073d392e5/bin/third-party/mozjpeg/build_arm64/mozjpeg/turbojpeg.h bazel-out/ios_arm64-dbg-ios-arm64-min13.0-ST-57b073d392e5/bin/third-party/mozjpeg/Public/mozjpeg/turbojpeg.h
+ cp -f bazel-out/ios_arm64-dbg-ios-arm64-min13.0-ST-57b073d392e5/bin/third-party/mozjpeg/build_arm64/mozjpeg/jpeglib.h bazel-out/ios_arm64-dbg-ios-arm64-min13.0-ST-57b073d392e5/bin/third-party/mozjpeg/Public/mozjpeg/jpeglib.h
+ cp -f bazel-out/ios_arm64-dbg-ios-arm64-min13.0-ST-57b073d392e5/bin/third-party/mozjpeg/build_arm64/mozjpeg/jmorecfg.h bazel-out/ios_arm64-dbg-ios-arm64-min13.0-ST-57b073d392e5/bin/third-party/mozjpeg/Public/mozjpeg/jmorecfg.h
+ cp -f bazel-out/ios_arm64-dbg-ios-arm64-min13.0-ST-57b073d392e5/bin/third-party/mozjpeg/build_arm64/build/libjpeg.a bazel-out/ios_arm64-dbg-ios-arm64-min13.0-ST-57b073d392e5/bin/third-party/mozjpeg/Public/mozjpeg/lib/libjpeg.a
+ cp -f bazel-out/ios_arm64-dbg-ios-arm64-min13.0-ST-57b073d392e5/bin/third-party/mozjpeg/build_arm64/build/libturbojpeg.a bazel-out/ios_arm64-dbg-ios-arm64-min13.0-ST-57b073d392e5/bin/third-party/mozjpeg/Public/mozjpeg/lib/libturbojpeg.a
+ cp -f bazel-out/ios_arm64-dbg-ios-arm64-min13.0-ST-57b073d392e5/bin/third-party/mozjpeg/build_arm64/build/jconfig.h bazel-out/ios_arm64-dbg-ios-arm64-min13.0-ST-57b073d392e5/bin/third-party/mozjpeg/Public/mozjpeg/jconfig.h
-- The C compiler identification is AppleClang 21.0.0.21000099
-- Detecting C compiler ABI info
-- Detecting C compiler ABI info - done
-- Check for working C compiler: /Applications/Xcode.app/Contents/Developer/Toolchains/XcodeDefault.xctoolchain/usr/bin/clang - skipped
-- Detecting C compile features
-- Detecting C compile features - done
-- CMAKE_BUILD_TYPE = Release
-- VERSION = 4.1.4, BUILD = 10000
-- 64-bit build (arm64)
-- CMAKE_INSTALL_PREFIX = /opt/mozjpeg
-- CMAKE_INSTALL_BINDIR = bin (/opt/mozjpeg/bin)
-- CMAKE_INSTALL_DATAROOTDIR =  (/opt/mozjpeg)
-- CMAKE_INSTALL_DOCDIR = doc (/opt/mozjpeg/doc)
-- CMAKE_INSTALL_INCLUDEDIR = include (/opt/mozjpeg/include)
-- CMAKE_INSTALL_LIBDIR = lib (/opt/mozjpeg/lib)
-- CMAKE_INSTALL_MANDIR = man (/opt/mozjpeg/man)
-- Shared libraries disabled (ENABLE_SHARED = 0)
-- Static libraries enabled (ENABLE_STATIC = 1)
-- 12-bit JPEG support disabled (WITH_12BIT = 0)
-- Arithmetic decoding support enabled (WITH_ARITH_DEC = 1)
-- Arithmetic encoding support enabled (WITH_ARITH_ENC = 1)
-- TurboJPEG API library enabled (WITH_TURBOJPEG = 1)
-- TurboJPEG Java wrapper disabled (WITH_JAVA = 0)
-- Emulating libjpeg API/ABI v8.0 (WITH_JPEG7 = 0, WITH_JPEG8 = 1)
-- libjpeg API shared library version = 8.2.2
-- Compiler flags = -Wall -arch arm64 -miphoneos-version-min=13.0 -funwind-tables -O3 -DNDEBUG
-- Linker flags =  
-- Looking for sys/types.h
-- Looking for sys/types.h - found
-- Looking for stdint.h
-- Looking for stdint.h - found
-- Looking for stddef.h
-- Looking for stddef.h - found
-- Check size of size_t
-- Check size of size_t - done
-- Check size of unsigned long
-- Check size of unsigned long - done
-- Performing Test HAVE_BUILTIN_CTZL
-- Performing Test HAVE_BUILTIN_CTZL - Success
-- Performing Test INLINE_WORKS
-- Performing Test INLINE_WORKS - Success
-- INLINE = __inline__ __attribute__((always_inline)) (FORCE_INLINE = 1)
-- Performing Test HAVE_THREAD_LOCAL
-- Performing Test HAVE_THREAD_LOCAL - Success
-- THREAD_LOCAL = __thread
-- CMAKE_EXECUTABLE_SUFFIX = 
-- Performing Test HAVE_VLD1_S16_X3
-- Performing Test HAVE_VLD1_S16_X3 - Success
-- Performing Test HAVE_VLD1_U16_X2
-- Performing Test HAVE_VLD1_U16_X2 - Success
-- Performing Test HAVE_VLD1Q_U8_X4
-- Performing Test HAVE_VLD1Q_U8_X4 - Success
-- Use full Neon SIMD intrinsics implementation (NEON_INTRINSICS = ON)
-- SIMD extensions: arm64 (WITH_SIMD = 1)
-- FLOATTEST = fp-contract
-- Configuring done (2.7s)
-- Generating done (0.1s)
-- Build files have been written to: /private/var/tmp/_bazel_afanasyev/9a39311ceb7a61706aa1e4e247e12702/execroot/_main/bazel-out/ios_arm64-dbg-ios-arm64-min13.0-ST-57b073d392e5/bin/third-party/mozjpeg/build_arm64/build
[  0%] Building C object simd/CMakeFiles/simd.dir/arm/jcgray-neon.c.o
[  1%] Building C object simd/CMakeFiles/simd.dir/arm/jcphuff-neon.c.o
[  2%] Building C object simd/CMakeFiles/simd.dir/arm/jcsample-neon.c.o
[  2%] Building C object simd/CMakeFiles/simd.dir/arm/jdmerge-neon.c.o
[  3%] Building C object simd/CMakeFiles/simd.dir/arm/jdsample-neon.c.o
[  3%] Building C object simd/CMakeFiles/simd.dir/arm/jfdctfst-neon.c.o
[  4%] Building C object simd/CMakeFiles/simd.dir/arm/jidctred-neon.c.o
[  4%] Building C object simd/CMakeFiles/simd.dir/arm/jquanti-neon.c.o
[  5%] Building C object simd/CMakeFiles/simd.dir/arm/jccolor-neon.c.o
[  6%] Building C object simd/CMakeFiles/simd.dir/arm/jidctint-neon.c.o
[  6%] Building C object simd/CMakeFiles/simd.dir/arm/jidctfst-neon.c.o
[  7%] Building C object simd/CMakeFiles/simd.dir/arm/aarch64/jchuff-neon.c.o
[  7%] Building C object simd/CMakeFiles/simd.dir/arm/jdcolor-neon.c.o
[  8%] Building C object simd/CMakeFiles/simd.dir/arm/jfdctint-neon.c.o
[  9%] Building C object simd/CMakeFiles/simd.dir/arm/aarch64/jsimd.c.o
[  9%] Built target simd
[ 10%] Building C object CMakeFiles/jpeg-static.dir/jcapimin.c.o
[ 10%] Building C object CMakeFiles/jpeg-static.dir/jcapistd.c.o
[ 11%] Building C object CMakeFiles/jpeg-static.dir/jccoefct.c.o
[ 11%] Building C object CMakeFiles/jpeg-static.dir/jccolor.c.o
[ 12%] Building C object CMakeFiles/jpeg-static.dir/jcdctmgr.c.o
[ 13%] Building C object CMakeFiles/jpeg-static.dir/jchuff.c.o
[ 13%] Building C object CMakeFiles/jpeg-static.dir/jcext.c.o
[ 14%] Building C object CMakeFiles/jpeg-static.dir/jcicc.c.o
[ 14%] Building C object CMakeFiles/jpeg-static.dir/jcinit.c.o
[ 15%] Building C object CMakeFiles/jpeg-static.dir/jcmainct.c.o
[ 16%] Building C object CMakeFiles/jpeg-static.dir/jcmarker.c.o
[ 16%] Building C object CMakeFiles/jpeg-static.dir/jcmaster.c.o
[ 17%] Building C object CMakeFiles/jpeg-static.dir/jcomapi.c.o
[ 17%] Building C object CMakeFiles/jpeg-static.dir/jcparam.c.o
[ 18%] Building C object CMakeFiles/jpeg-static.dir/jcphuff.c.o
[ 19%] Building C object CMakeFiles/jpeg-static.dir/jcprepct.c.o
[ 19%] Building C object CMakeFiles/jpeg-static.dir/jcsample.c.o
[ 20%] Building C object CMakeFiles/jpeg-static.dir/jctrans.c.o
[ 20%] Building C object CMakeFiles/jpeg-static.dir/jdapimin.c.o
[ 21%] Building C object CMakeFiles/jpeg-static.dir/jdapistd.c.o
[ 21%] Building C object CMakeFiles/jpeg-static.dir/jdatadst.c.o
[ 22%] Building C object CMakeFiles/jpeg-static.dir/jdatasrc.c.o
[ 23%] Building C object CMakeFiles/jpeg-static.dir/jdcoefct.c.o
[ 23%] Building C object CMakeFiles/jpeg-static.dir/jdcolor.c.o
[ 24%] Building C object CMakeFiles/jpeg-static.dir/jddctmgr.c.o
[ 24%] Building C object CMakeFiles/jpeg-static.dir/jdhuff.c.o
[ 25%] Building C object CMakeFiles/jpeg-static.dir/jdicc.c.o
[ 26%] Building C object CMakeFiles/jpeg-static.dir/jdinput.c.o
[ 26%] Building C object CMakeFiles/jpeg-static.dir/jdmainct.c.o
[ 27%] Building C object CMakeFiles/jpeg-static.dir/jdmarker.c.o
[ 27%] Building C object CMakeFiles/jpeg-static.dir/jdmaster.c.o
[ 28%] Building C object CMakeFiles/jpeg-static.dir/jdmerge.c.o
[ 29%] Building C object CMakeFiles/jpeg-static.dir/jdphuff.c.o
[ 29%] Building C object CMakeFiles/jpeg-static.dir/jdpostct.c.o
[ 30%] Building C object CMakeFiles/jpeg-static.dir/jdsample.c.o
[ 30%] Building C object CMakeFiles/jpeg-static.dir/jdtrans.c.o
[ 31%] Building C object CMakeFiles/jpeg-static.dir/jerror.c.o
[ 31%] Building C object CMakeFiles/jpeg-static.dir/jfdctflt.c.o
[ 32%] Building C object CMakeFiles/jpeg-static.dir/jfdctfst.c.o
[ 33%] Building C object CMakeFiles/jpeg-static.dir/jfdctint.c.o
[ 33%] Building C object CMakeFiles/jpeg-static.dir/jidctflt.c.o
[ 34%] Building C object CMakeFiles/jpeg-static.dir/jidctfst.c.o
[ 34%] Building C object CMakeFiles/jpeg-static.dir/jidctint.c.o
[ 35%] Building C object CMakeFiles/jpeg-static.dir/jidctred.c.o
[ 36%] Building C object CMakeFiles/jpeg-static.dir/jquant1.c.o
[ 36%] Building C object CMakeFiles/jpeg-static.dir/jquant2.c.o
[ 37%] Building C object CMakeFiles/jpeg-static.dir/jutils.c.o
[ 37%] Building C object CMakeFiles/jpeg-static.dir/jmemmgr.c.o
[ 38%] Building C object CMakeFiles/jpeg-static.dir/jmemnobs.c.o
[ 39%] Building C object CMakeFiles/jpeg-static.dir/jaricom.c.o
[ 39%] Building C object CMakeFiles/jpeg-static.dir/jcarith.c.o
[ 40%] Building C object CMakeFiles/jpeg-static.dir/jdarith.c.o
[ 40%] Linking C static library libjpeg.a
[ 40%] Built target jpeg-static
[ 41%] Building C object CMakeFiles/turbojpeg-static.dir/jcapimin.c.o
[ 42%] Building C object CMakeFiles/turbojpeg-static.dir/jcapistd.c.o
[ 42%] Building C object CMakeFiles/turbojpeg-static.dir/jccoefct.c.o
[ 43%] Building C object CMakeFiles/turbojpeg-static.dir/jccolor.c.o
[ 43%] Building C object CMakeFiles/turbojpeg-static.dir/jcdctmgr.c.o
[ 44%] Building C object CMakeFiles/turbojpeg-static.dir/jchuff.c.o
[ 45%] Building C object CMakeFiles/turbojpeg-static.dir/jcext.c.o
[ 45%] Building C object CMakeFiles/turbojpeg-static.dir/jcicc.c.o
[ 46%] Building C object CMakeFiles/turbojpeg-static.dir/jcinit.c.o
[ 46%] Building C object CMakeFiles/turbojpeg-static.dir/jcmainct.c.o
[ 47%] Building C object CMakeFiles/turbojpeg-static.dir/jcmarker.c.o
[ 48%] Building C object CMakeFiles/turbojpeg-static.dir/jcmaster.c.o
[ 48%] Building C object CMakeFiles/turbojpeg-static.dir/jcomapi.c.o
[ 49%] Building C object CMakeFiles/turbojpeg-static.dir/jcparam.c.o
[ 49%] Building C object CMakeFiles/turbojpeg-static.dir/jcphuff.c.o
[ 50%] Building C object CMakeFiles/turbojpeg-static.dir/jcprepct.c.o
[ 50%] Building C object CMakeFiles/turbojpeg-static.dir/jcsample.c.o
[ 51%] Building C object CMakeFiles/turbojpeg-static.dir/jctrans.c.o
[ 52%] Building C object CMakeFiles/turbojpeg-static.dir/jdapimin.c.o
[ 52%] Building C object CMakeFiles/turbojpeg-static.dir/jdapistd.c.o
[ 53%] Building C object CMakeFiles/turbojpeg-static.dir/jdatadst.c.o
[ 53%] Building C object CMakeFiles/turbojpeg-static.dir/jdatasrc.c.o
[ 54%] Building C object CMakeFiles/turbojpeg-static.dir/jdcoefct.c.o
[ 55%] Building C object CMakeFiles/turbojpeg-static.dir/jdcolor.c.o
[ 55%] Building C object CMakeFiles/turbojpeg-static.dir/jddctmgr.c.o
[ 56%] Building C object CMakeFiles/turbojpeg-static.dir/jdhuff.c.o
[ 56%] Building C object CMakeFiles/turbojpeg-static.dir/jdicc.c.o
[ 57%] Building C object CMakeFiles/turbojpeg-static.dir/jdinput.c.o
[ 58%] Building C object CMakeFiles/turbojpeg-static.dir/jdmainct.c.o
[ 58%] Building C object CMakeFiles/turbojpeg-static.dir/jdmarker.c.o
[ 59%] Building C object CMakeFiles/turbojpeg-static.dir/jdmaster.c.o
[ 59%] Building C object CMakeFiles/turbojpeg-static.dir/jdmerge.c.o
[ 60%] Building C object CMakeFiles/turbojpeg-static.dir/jdphuff.c.o
[ 60%] Building C object CMakeFiles/turbojpeg-static.dir/jdpostct.c.o
[ 61%] Building C object CMakeFiles/turbojpeg-static.dir/jdsample.c.o
[ 62%] Building C object CMakeFiles/turbojpeg-static.dir/jdtrans.c.o
[ 62%] Building C object CMakeFiles/turbojpeg-static.dir/jerror.c.o
[ 63%] Building C object CMakeFiles/turbojpeg-static.dir/jfdctflt.c.o
[ 63%] Building C object CMakeFiles/turbojpeg-static.dir/jfdctfst.c.o
[ 64%] Building C object CMakeFiles/turbojpeg-static.dir/jfdctint.c.o
[ 65%] Building C object CMakeFiles/turbojpeg-static.dir/jidctflt.c.o
[ 65%] Building C object CMakeFiles/turbojpeg-static.dir/jidctfst.c.o
[ 66%] Building C object CMakeFiles/turbojpeg-static.dir/jidctint.c.o
[ 66%] Building C object CMakeFiles/turbojpeg-static.dir/jidctred.c.o
[ 67%] Building C object CMakeFiles/turbojpeg-static.dir/jquant1.c.o
[ 68%] Building C object CMakeFiles/turbojpeg-static.dir/jquant2.c.o
[ 68%] Building C object CMakeFiles/turbojpeg-static.dir/jutils.c.o
[ 69%] Building C object CMakeFiles/turbojpeg-static.dir/jmemmgr.c.o
[ 69%] Building C object CMakeFiles/turbojpeg-static.dir/jmemnobs.c.o
[ 70%] Building C object CMakeFiles/turbojpeg-static.dir/jaricom.c.o
[ 70%] Building C object CMakeFiles/turbojpeg-static.dir/jcarith.c.o
[ 71%] Building C object CMakeFiles/turbojpeg-static.dir/jdarith.c.o
[ 72%] Building C object CMakeFiles/turbojpeg-static.dir/turbojpeg.c.o
[ 72%] Building C object CMakeFiles/turbojpeg-static.dir/transupp.c.o
[ 73%] Building C object CMakeFiles/turbojpeg-static.dir/jdatadst-tj.c.o
[ 73%] Building C object CMakeFiles/turbojpeg-static.dir/jdatasrc-tj.c.o
[ 74%] Building C object CMakeFiles/turbojpeg-static.dir/rdbmp.c.o
[ 75%] Building C object CMakeFiles/turbojpeg-static.dir/rdppm.c.o
[ 75%] Building C object CMakeFiles/turbojpeg-static.dir/wrbmp.c.o
[ 76%] Building C object CMakeFiles/turbojpeg-static.dir/wrppm.c.o
[ 76%] Linking C static library libturbojpeg.a
[ 76%] Built target turbojpeg-static
[ 76%] Building C object CMakeFiles/tjunittest-static.dir/tjunittest.c.o
[ 77%] Building C object CMakeFiles/tjunittest-static.dir/tjutil.c.o
[ 77%] Building C object CMakeFiles/tjunittest-static.dir/md5/md5.c.o
[ 78%] Building C object CMakeFiles/tjunittest-static.dir/md5/md5hl.c.o
[ 78%] Linking C executable tjunittest-static
[ 78%] Built target tjunittest-static
[ 78%] Building C object CMakeFiles/tjbench-static.dir/tjbench.c.o
[ 79%] Building C object CMakeFiles/tjbench-static.dir/tjutil.c.o
[ 80%] Linking C executable tjbench-static
[ 80%] Built target tjbench-static
[ 80%] Building C object CMakeFiles/cjpeg-static.dir/cjpeg.c.o
[ 81%] Building C object CMakeFiles/cjpeg-static.dir/cdjpeg.c.o
[ 81%] Building C object CMakeFiles/cjpeg-static.dir/rdgif.c.o
[ 82%] Building C object CMakeFiles/cjpeg-static.dir/rdppm.c.o
[ 82%] Building C object CMakeFiles/cjpeg-static.dir/rdjpeg.c.o
[ 83%] Building C object CMakeFiles/cjpeg-static.dir/rdswitch.c.o
[ 84%] Building C object CMakeFiles/cjpeg-static.dir/rdbmp.c.o
[ 84%] Building C object CMakeFiles/cjpeg-static.dir/rdtarga.c.o
[ 85%] Linking C executable cjpeg-static
[ 85%] Built target cjpeg-static
[ 85%] Building C object CMakeFiles/djpeg-static.dir/djpeg.c.o
[ 86%] Building C object CMakeFiles/djpeg-static.dir/cdjpeg.c.o
[ 87%] Building C object CMakeFiles/djpeg-static.dir/rdcolmap.c.o
[ 87%] Building C object CMakeFiles/djpeg-static.dir/rdswitch.c.o
[ 88%] Building C object CMakeFiles/djpeg-static.dir/wrgif.c.o
[ 88%] Building C object CMakeFiles/djpeg-static.dir/wrppm.c.o
[ 89%] Building C object CMakeFiles/djpeg-static.dir/wrbmp.c.o
[ 90%] Building C object CMakeFiles/djpeg-static.dir/wrtarga.c.o
[ 90%] Linking C executable djpeg-static
[ 90%] Built target djpeg-static
[ 91%] Building C object CMakeFiles/jpegtran-static.dir/jpegtran.c.o
[ 91%] Building C object CMakeFiles/jpegtran-static.dir/cdjpeg.c.o
[ 92%] Building C object CMakeFiles/jpegtran-static.dir/rdswitch.c.o
[ 93%] Building C object CMakeFiles/jpegtran-static.dir/transupp.c.o
[ 93%] Linking C executable jpegtran-static
[ 93%] Built target jpegtran-static
[ 93%] Building C object CMakeFiles/rdjpgcom.dir/rdjpgcom.c.o
[ 94%] Linking C executable rdjpgcom
[ 94%] Built target rdjpgcom
[ 95%] Building C object CMakeFiles/wrjpgcom.dir/wrjpgcom.c.o
[ 96%] Linking C executable wrjpgcom
[ 96%] Built target wrjpgcom
[ 96%] Building C object CMakeFiles/strtest.dir/strtest.c.o
[ 97%] Linking C executable strtest
[ 97%] Built target strtest
[ 98%] Building C object md5/CMakeFiles/md5cmp.dir/md5cmp.c.o
[ 98%] Building C object md5/CMakeFiles/md5cmp.dir/md5.c.o
[ 99%] Building C object md5/CMakeFiles/md5cmp.dir/md5hl.c.o
[100%] Linking C executable md5cmp
[100%] Built target md5cmp
[2,067 / 5,606] Executing genrule //third-party/libvpx:libvpx_build; 42s local ... (10 actions running)
[2,074 / 5,606] Executing genrule //third-party/libvpx:libvpx_build; 43s local ... (10 actions running)
INFO: From Compiling third-party/openh264/third_party/openh264/src/codec/encoder/plus/src/welsEncoderExt.cpp:
third-party/openh264/third_party/openh264/src/codec/encoder/plus/src/welsEncoderExt.cpp:1059:13: warning: first argument in call to 'memcpy' is a pointer to non-trivially copyable type 'SWelsSvcCodingParam' (aka 'WelsEnc::TagWelsSvcCodingParam') [-Wnontrivial-memcall]
 1059 |     memcpy (&sConfig, m_pEncContext->pSvcParam, sizeof (SWelsSvcCodingParam));
      |             ^
third-party/openh264/third_party/openh264/src/codec/encoder/plus/src/welsEncoderExt.cpp:1059:13: note: explicitly cast the pointer to silence this warning
 1059 |     memcpy (&sConfig, m_pEncContext->pSvcParam, sizeof (SWelsSvcCodingParam));
      |             ^
      |             (void*)
1 warning generated.
[2,079 / 5,606] Executing genrule //third-party/libvpx:libvpx_build; 44s local ... (10 actions running)
[2,087 / 5,606] Executing genrule //third-party/libvpx:libvpx_build; 45s local ... (10 actions, 9 running)
[2,095 / 5,606] Executing genrule //third-party/libvpx:libvpx_build; 46s local ... (10 actions running)
[2,107 / 5,606] Executing genrule //third-party/libvpx:libvpx_build; 47s local ... (10 actions running)
[2,117 / 5,606] Executing genrule //third-party/libvpx:libvpx_build; 48s local ... (10 actions running)
[2,120 / 5,606] Executing genrule //third-party/libvpx:libvpx_build; 49s local ... (10 actions running)
[2,123 / 5,606] Executing genrule //third-party/libvpx:libvpx_build; 50s local ... (10 actions running)
[2,128 / 5,606] Executing genrule //third-party/libvpx:libvpx_build; 51s local ... (10 actions running)
[2,129 / 5,606] Executing genrule //third-party/libvpx:libvpx_build; 52s local ... (10 actions running)
[2,130 / 5,606] Executing genrule //third-party/libvpx:libvpx_build; 53s local ... (10 actions running)
ERROR: /Volumes/dx/dev/_home/MTProxy/Telegram-iOS/submodules/AsyncDisplayKit/BUILD:9:13: Compiling submodules/AsyncDisplayKit/Source/ASDisplayNode.mm failed: (Exit 1): wrapped_clang_pp failed: error executing ObjcCompile command (from target //submodules/AsyncDisplayKit:AsyncDisplayKit) 
  (cd /private/var/tmp/_bazel_afanasyev/9a39311ceb7a61706aa1e4e247e12702/execroot/_main && \
  exec env - \
    APPLE_SDK_PLATFORM=iPhoneOS \
    APPLE_SDK_VERSION_OVERRIDE=26.4 \
    PATH=/usr/bin:/bin:/usr/sbin:/sbin \
    XCODE_VERSION_OVERRIDE=26.4.0.17E5179g \
    ZERO_AR_DATE=1 \
  bazel-out/darwin_arm64-opt-exec-ST-d57f47055a04/bin/external/apple_support+/crosstool/wrapped_clang_pp '-stdlib=libc++' '-std=gnu++17' '-D_FORTIFY_SOURCE=1' -fstack-protector -fcolor-diagnostics -Wall -Wthread-safety -Wself-assign -fno-omit-frame-pointer -g '-fdebug-prefix-map=__BAZEL_EXECUTION_ROOT__=.' '-fdebug-prefix-map=__BAZEL_XCODE_DEVELOPER_DIR__=/PLACEHOLDER_DEVELOPER_DIR' '-Werror=incompatible-sysroot' -Wshorten-64-to-32 -Wbool-conversion -Wconstant-conversion -Wduplicate-method-match -Wempty-body -Wenum-conversion -Wint-conversion -Wunreachable-code -Wmismatched-return-types -Wundeclared-selector -Wuninitialized -Wunused-function -Wunused-variable -iquote . -iquote bazel-out/ios_arm64-dbg-ios-arm64-min13.0-ST-57b073d392e5/bin -Isubmodules/AsyncDisplayKit/Source/PublicHeaders -Ibazel-out/ios_arm64-dbg-ios-arm64-min13.0-ST-57b073d392e5/bin/submodules/AsyncDisplayKit/Source/PublicHeaders -MD -MF bazel-out/ios_arm64-dbg-ios-arm64-min13.0-ST-57b073d392e5/bin/submodules/AsyncDisplayKit/_objs/AsyncDisplayKit/arc/ASDisplayNode.d -DMINIMAL_ASDK -DOS_IOS -fno-autolink -isysroot __BAZEL_XCODE_SDKROOT__ -F__BAZEL_XCODE_SDKROOT__/System/Library/Frameworks -F__BAZEL_XCODE_DEVELOPER_DIR__/Platforms/iPhoneOS.platform/Developer/Library/Frameworks -fobjc-arc -no-canonical-prefixes -target arm64-apple-ios13.0 -Werror -fmodules '-fmodules-cache-path=bazel-out/ios_arm64-dbg-ios-arm64-min13.0-ST-57b073d392e5/bin/_objc_module_cache' -O0 '-DDEBUG=1' -fstack-protector -fstack-protector-all -g -Werror '-std=c++17' -fno-objc-msgsend-selector-stubs -fno-objc-msgsend-selector-stubs -Wno-builtin-macro-redefined '-D__DATE__="redacted"' '-D__TIMESTAMP__="redacted"' '-D__TIME__="redacted"' -c submodules/AsyncDisplayKit/Source/ASDisplayNode.mm -o bazel-out/ios_arm64-dbg-ios-arm64-min13.0-ST-57b073d392e5/bin/submodules/AsyncDisplayKit/_objs/AsyncDisplayKit/arc/ASDisplayNode.o)
# Configuration: 39c5484e21c617c485e617fe1cfe71baa245c32b42d934763603a4f6cda4ca8e
# Execution platform: @@platforms//host:host
submodules/AsyncDisplayKit/Source/ASDisplayNode.mm:3453:112: error: ISO C++ requires field designators to be specified in declaration order; field 'layoutSpecNumberOfPasses' will be initialized after field 'layoutSpecTotalTime' [-Werror,-Wreorder-init-list]
 3453 |   ASDisplayNodePerformanceMeasurements measurements = { .layoutSpecNumberOfPasses = -1, .layoutSpecTotalTime = NAN, .layoutComputationNumberOfPasses = -1, .layoutComputationTotalTime = NAN };
      |                                                                                         ~~~~~~~~~~~~~~~~~~~~~~~^~~
/Applications/Xcode.app/Contents/Developer/Platforms/iPhoneOS.platform/Developer/SDKs/iPhoneOS26.4.sdk/usr/include/math.h:66:28: note: expanded from macro 'NAN'
   66 | #   define    NAN          __builtin_nanf("0x7fc00000")
      |                            ^
submodules/AsyncDisplayKit/Source/ASDisplayNode.mm:3453:85: note: previous initialization for field 'layoutSpecNumberOfPasses' is here
 3453 |   ASDisplayNodePerformanceMeasurements measurements = { .layoutSpecNumberOfPasses = -1, .layoutSpecTotalTime = NAN, .layoutComputationNumberOfPasses = -1, .layoutComputationTotalTime = NAN };
      |                                                                                     ^~
submodules/AsyncDisplayKit/Source/ASDisplayNode.mm:3453:186: error: ISO C++ requires field designators to be specified in declaration order; field 'layoutComputationNumberOfPasses' will be initialized after field 'layoutComputationTotalTime' [-Werror,-Wreorder-init-list]
 3453 |   ASDisplayNodePerformanceMeasurements measurements = { .layoutSpecNumberOfPasses = -1, .layoutSpecTotalTime = NAN, .layoutComputationNumberOfPasses = -1, .layoutComputationTotalTime = NAN };
      |                                                                                                                                                            ~~~~~~~~~~~~~~~~~~~~~~~~~~~~~~^~~
/Applications/Xcode.app/Contents/Developer/Platforms/iPhoneOS.platform/Developer/SDKs/iPhoneOS26.4.sdk/usr/include/math.h:66:28: note: expanded from macro 'NAN'
   66 | #   define    NAN          __builtin_nanf("0x7fc00000")
      |                            ^
submodules/AsyncDisplayKit/Source/ASDisplayNode.mm:3453:152: note: previous initialization for field 'layoutComputationNumberOfPasses' is here
 3453 |   ASDisplayNodePerformanceMeasurements measurements = { .layoutSpecNumberOfPasses = -1, .layoutSpecTotalTime = NAN, .layoutComputationNumberOfPasses = -1, .layoutComputationTotalTime = NAN };
      |                                                                                                                                                        ^~
2 errors generated.
Error in child process '/usr/bin/xcrun'. 1
Target //Telegram:Telegram failed to build
INFO: Elapsed time: 82.231s, Critical Path: 73.95s
INFO: 1241 processes: 912 action cache hit, 27 internal, 1175 local, 39 worker.
ERROR: Build did NOT complete successfully
Overriding the required Xcode version 26.2 with 26.4 as reported by 'xcode-select -p'
TelegramBuild: running
/Volumes/dx/dev/_home/MTProxy/Telegram-iOS/build-input/bazel-8.4.2-darwin-arm64 build Telegram/Telegram --announce_rc --features=swift.use_global_module_cache --verbose_failures --remote_cache_async --define=buildNumber=1 -c dbg --ios_multi_cpus=arm64 --watchos_cpus=arm64_32 --@build_bazel_rules_swift//swift:copt=\"-j\" --@build_bazel_rules_swift//swift:copt=\"8\"
Traceback (most recent call last):
  File "/Volumes/dx/dev/_home/MTProxy/Telegram-iOS/build-system/Make/Make.py", line 1240, in <module>
    build(bazel=bazel_path, arguments=args)
  File "/Volumes/dx/dev/_home/MTProxy/Telegram-iOS/build-system/Make/Make.py", line 621, in build
    bazel_command_line.invoke_build()
  File "/Volumes/dx/dev/_home/MTProxy/Telegram-iOS/build-system/Make/Make.py", line 300, in invoke_build
    call_executable(combined_arguments)
  File "/Volumes/dx/dev/_home/MTProxy/Telegram-iOS/build-system/Make/BuildEnvironment.py", line 104, in call_executable
    subprocess.check_call(resolved_arguments, env=resolved_env)
  File "/Applications/Xcode.app/Contents/Developer/Library/Frameworks/Python3.framework/Versions/3.9/lib/python3.9/subprocess.py", line 373, in check_call
    raise CalledProcessError(retcode, cmd)
subprocess.CalledProcessError: Command '['/Volumes/dx/dev/_home/MTProxy/Telegram-iOS/build-input/bazel-8.4.2-darwin-arm64', 'build', 'Telegram/Telegram', '--announce_rc', '--features=swift.use_global_module_cache', '--verbose_failures', '--remote_cache_async', '--define=buildNumber=1', '-c', 'dbg', '--ios_multi_cpus=arm64', '--watchos_cpus=arm64_32', '--@build_bazel_rules_swift//swift:copt="-j"', '--@build_bazel_rules_swift//swift:copt="8"']' returned non-zero exit status 1.
